-- MySQL dump 10.13  Distrib 5.7.22, for Linux (x86_64)
--
-- Host: localhost    Database: argon_radius
-- ------------------------------------------------------
-- Server version	5.7.22-0ubuntu0.16.04.1

/*!40101 SET @OLD_CHARACTER_SET_CLIENT=@@CHARACTER_SET_CLIENT */;
/*!40101 SET @OLD_CHARACTER_SET_RESULTS=@@CHARACTER_SET_RESULTS */;
/*!40101 SET @OLD_COLLATION_CONNECTION=@@COLLATION_CONNECTION */;
/*!40101 SET NAMES utf8 */;
/*!40103 SET @OLD_TIME_ZONE=@@TIME_ZONE */;
/*!40103 SET TIME_ZONE='+00:00' */;
/*!40014 SET @OLD_UNIQUE_CHECKS=@@UNIQUE_CHECKS, UNIQUE_CHECKS=0 */;
/*!40014 SET @OLD_FOREIGN_KEY_CHECKS=@@FOREIGN_KEY_CHECKS, FOREIGN_KEY_CHECKS=0 */;
/*!40101 SET @OLD_SQL_MODE=@@SQL_MODE, SQL_MODE='NO_AUTO_VALUE_ON_ZERO' */;
/*!40111 SET @OLD_SQL_NOTES=@@SQL_NOTES, SQL_NOTES=0 */;

--
-- Current Database: `argon_radius`
--

CREATE DATABASE /*!32312 IF NOT EXISTS*/ `argon_radius` /*!40100 DEFAULT CHARACTER SET utf8 COLLATE utf8_bin */;

USE `argon_radius`;

--
-- Table structure for table `BACKHAUL_PROVISIONED`
--

DROP TABLE IF EXISTS `BACKHAUL_PROVISIONED`;
/*!40101 SET @saved_cs_client     = @@character_set_client */;
/*!40101 SET character_set_client = utf8 */;
CREATE TABLE `BACKHAUL_PROVISIONED` (
  `ID` int(11) NOT NULL AUTO_INCREMENT,
  `IPADDRESS` varchar(30) NOT NULL,
  `USED` int(11) DEFAULT '0',
  PRIMARY KEY (`ID`)
) ENGINE=InnoDB DEFAULT CHARSET=utf8 ROW_FORMAT=COMPACT;
/*!40101 SET character_set_client = @saved_cs_client */;

--
-- Dumping data for table `BACKHAUL_PROVISIONED`
--

LOCK TABLES `BACKHAUL_PROVISIONED` WRITE;
/*!40000 ALTER TABLE `BACKHAUL_PROVISIONED` DISABLE KEYS */;
/*!40000 ALTER TABLE `BACKHAUL_PROVISIONED` ENABLE KEYS */;
UNLOCK TABLES;

--
-- Table structure for table `CPE`
--

DROP TABLE IF EXISTS `CPE`;
/*!40101 SET @saved_cs_client     = @@character_set_client */;
/*!40101 SET character_set_client = utf8 */;
CREATE TABLE `CPE` (
  `USERNAME` char(50) NOT NULL,
  `PASSWORD` char(100) DEFAULT NULL,
  `ENCRYPTEDPASSWORD` char(100) DEFAULT NULL,
  `RATELIMIT` varchar(50) DEFAULT '64k/64k 256k/256k 128k/128k 10/10',
  `ALLOWEDMAC` varchar(30) DEFAULT NULL,
  `ALLOWEDIP` varchar(22) DEFAULT NULL,
  `TIMELIMIT` int(11) DEFAULT '0',
  `ENABLED` int(11) DEFAULT '1',
  PRIMARY KEY (`USERNAME`),
  UNIQUE KEY `USERNAME_I` (`USERNAME`)
) ENGINE=InnoDB DEFAULT CHARSET=latin1;
/*!40101 SET character_set_client = @saved_cs_client */;

--
-- Dumping data for table `CPE`
--

LOCK TABLES `CPE` WRITE;
/*!40000 ALTER TABLE `CPE` DISABLE KEYS */;
INSERT INTO `CPE` VALUES ('66160672AACC','WAUS9x9khqO5VCyJ','WAUS9x9khqO5VCyJ','1M/1M','00:2C:DE:AD:BE:EF',NULL,0,1),('7CCB0777D5ED','WIpvpZdwif90iclI','WIpvpZdwif90iclI','2M/10M','64:D1:54:F1:E9:AA',NULL,0,1);
/*!40000 ALTER TABLE `CPE` ENABLE KEYS */;
UNLOCK TABLES;

--
-- Table structure for table `CPEACCOUNTING`
--

DROP TABLE IF EXISTS `CPEACCOUNTING`;
/*!40101 SET @saved_cs_client     = @@character_set_client */;
/*!40101 SET character_set_client = utf8 */;
CREATE TABLE `CPEACCOUNTING` (
  `id` int(11) NOT NULL AUTO_INCREMENT,
  `USERNAME` char(50) NOT NULL,
  `TIME_STAMP` int(11) DEFAULT NULL,
  `UPDATETIME` int(11) DEFAULT '0',
  `STOPTIME` int(11) DEFAULT NULL,
  `ACCTSTATUSTYPE` char(10) DEFAULT NULL,
  `ACCTDELAYTIME` int(11) DEFAULT NULL,
  `ACCTINPUTOCTETS` int(11) NOT NULL DEFAULT '0',
  `ACCTOUTPUTOCTETS` int(11) DEFAULT '0',
  `ACCTSESSIONID` char(70) DEFAULT NULL,
  `ACCTSESSIONTIME` int(11) DEFAULT '0',
  `ACCTTERMINATECAUSE` varchar(50) DEFAULT NULL,
  `NASIDENTIFIER` char(50) DEFAULT NULL,
  `NASPORT` int(11) DEFAULT NULL,
  `FRAMEDIPADDRESS` char(22) DEFAULT NULL,
  `MACADDRESS` varchar(22) DEFAULT NULL,
  `NASPORTID` varchar(30) DEFAULT NULL,
  `CALLEDSTATIONID` varchar(30) DEFAULT NULL,
  `NASIPADDRESS` varchar(30) DEFAULT NULL,
  `NASPORTTYPE` varchar(50) DEFAULT NULL,
  PRIMARY KEY (`id`),
  KEY `ACCOUNTING_I` (`USERNAME`),
  KEY `SESSIONID_UNIQUE` (`ACCTSESSIONID`) USING BTREE
) ENGINE=InnoDB AUTO_INCREMENT=100 DEFAULT CHARSET=latin1;
/*!40101 SET character_set_client = @saved_cs_client */;

--
-- Dumping data for table `CPEACCOUNTING`
--

LOCK TABLES `CPEACCOUNTING` WRITE;
/*!40000 ALTER TABLE `CPEACCOUNTING` DISABLE KEYS */;
INSERT INTO `CPEACCOUNTING` VALUES (73,'user3',1486386175,1486399436,1486399495,'Stopped',0,513895,818590,'815002e4',13319,'Lost-Carrier','CCR_BELLATERRA',15729380,'10.74.0.254','6C:3B:6B:1B:78:0D','BR_EOIP','PPPoE_SERVER','83.61.18.4','Ethernet'),(74,'user1',1486388045,1486388645,1486388657,'Stopped',0,1652,80,'81c004b6',612,'User-Request','AC0001',15729853,'10.78.0.254','6C:3B:6B:50:8C:64','BR_HOTSPOT','PPPoE_SERVER','10.20.0.2','Ethernet'),(75,'user1',1486388877,1486388937,1486388967,'Stopped',0,352,80,'81c004b7',91,'User-Request','AC0001',15729854,'10.78.0.254','6C:3B:6B:50:8C:64','BR_HOTSPOT','PPPoE_SERVER','10.20.0.2','Ethernet'),(76,'user3',1486543507,1486560549,1486560556,'Stopped',0,85035602,383031909,'815002fb',17049,'Lost-Carrier','CCR_BELLATERRA',15729403,'10.74.0.254','6C:3B:6B:1B:78:0D','BR_EOIP','PPPoE_SERVER','83.61.18.4','Ethernet'),(77,'66160672AACC',1486652311,1486652611,1486652859,'Stopped',0,4087547,18244788,'8120009d',549,'NAS-Request','PROVISIONING',15728799,'10.40.40.140','6C:3B:6B:96:23:9B','ETH2','PPPoE_TEST','10.20.0.37','Ethernet'),(78,'66160672AACC',1486652860,0,1486653002,'Stopped',0,2259828,15294034,'8120009e',143,'User-Request','PROVISIONING',15728800,'10.40.40.140','6C:3B:6B:96:23:9B','ETH2','PPPoE_TEST','10.20.0.37','Ethernet'),(79,'6618065A0CE6',1486653003,0,1486653136,'Stopped',0,2375549,17368198,'8120009f',134,'User-Request','PROVISIONING',15728801,'10.40.40.140','6C:3B:6B:96:23:9B','ETH2','PPPoE_TEST','10.20.0.37','Ethernet'),(80,'6618065A0CE6',1486653136,0,1486653191,'Stopped',0,677384,10426399,'812000a0',55,'User-Request','PROVISIONING',15728802,'10.40.40.140','6C:3B:6B:96:23:9B','ETH2','PPPoE_TEST','10.20.0.37','Ethernet'),(81,'661806E1BAD7',1486653191,0,NULL,'Start',0,7500000,0,'812000a1',60,NULL,'PROVISIONING',15728803,'10.40.40.140','6C:3B:6B:96:23:9B','ETH2','PPPoE_TEST','10.20.0.37','Ethernet'),(83,'661806FE0119',1505030305,0,NULL,'Start',NULL,0,0,'81f043f9_661806FE0119_15749664',0,NULL,'ACKAM01',15749664,'10.74.2.33','6C:3B:6B:AF:65:77',NULL,'PPPoE_SERVER','10.20.0.10','Ethernet'),(84,'66160707DE9B',1507982060,1508019316,NULL,'Alive',NULL,61451242,909723459,'81f11556_66160707DE9B_15807590',18000,NULL,'ACKAM01',15807590,'10.74.10.54','64:D1:54:19:10:26',NULL,'PPPoE_SERVER','10.20.0.10','Ethernet'),(85,'66160672AACC',1507982060,1508000060,1508001688,'Alive',NULL,64837437,999534746,'81f11556_66160707DE9B_15807590_263436',19627,NULL,'CCR_BELLATERRA',15807590,'10.74.10.54','64:D1:54:19:10:26',NULL,'PPPoE_SERVER','10.20.0.10','Ethernet'),(86,'6618068A30D5',1508178630,0,NULL,'Start',NULL,0,0,'8150f6eb_6618068A30D5_15811062',0,NULL,'ACKAW01',15811062,'10.70.245.13','6C:3B:6B:96:21:BB',NULL,'PPPoE_SERVER','10.20.10.10','Ethernet'),(87,'66170732113F',1508169914,1508178915,NULL,'Alive',NULL,22560898,321029421,'8150f557_66170732113F_15810614',9000,NULL,'ACKAW01',15810614,'10.70.245.11','64:D1:54:49:49:90',NULL,'PPPoE_SERVER','10.20.10.10','Ethernet'),(88,'661806CA207F',1514462217,0,NULL,'Start',NULL,0,0,'81b00616_661806CA207F_15730230',0,NULL,'ACKAW01',15730230,'10.70.1.83','6C:3B:6B:92:EF:00',NULL,'PPPoE_SERVER','10.20.10.10','Ethernet'),(89,'7CCB0777D5ED',1522791648,1522791708,1522791757,'Stopped',NULL,7406,16390,'8160000f_7CCB0777D5ED_15728714_89_1522791757_109',109,'User-Request','CCR_BELLATERRA',15728714,'10.74.0.254','64:D1:54:F1:E9:AA',NULL,'PPPoE_SERVER','83.61.18.4','Ethernet'),(90,'7CCB0777D5ED',1522791757,1522793617,1522793667,'Stopped',NULL,4673233,7267665,'81600010_7CCB0777D5ED_15728715_90_1522793667_1910',1910,'User-Request','CCR_BELLATERRA',15728715,'10.74.0.254','64:D1:54:F1:E9:AA',NULL,'PPPoE_SERVER','83.61.18.4','Ethernet'),(91,'7CCB0777D5ED',1522793667,1522794027,1522794036,'Stopped',NULL,133589,1910700,'81600011_7CCB0777D5ED_15728717_91_1522794036_369',369,'User-Request','CCR_BELLATERRA',15728717,'10.74.0.254','64:D1:54:F1:E9:AA',NULL,'PPPoE_SERVER','83.61.18.4','Ethernet'),(92,'7CCB0777D5ED',1522794036,1522821999,1522822016,'Stopped',NULL,340193,430097,'81600012_7CCB0777D5ED_15728718_92_1522822016_27979',27979,'User-Request','CCR_BELLATERRA',15728718,'10.74.0.254','64:D1:54:F1:E9:AA',NULL,'PPPoE_SERVER','83.61.18.4','Ethernet'),(93,'7CCB0777D5ED',1522829146,1522883092,1522883134,'Stopped',NULL,22804478,520118533,'81600020_7CCB0777D5ED_15728733_93_1522883134_53988',53988,'Lost-Carrier','CCR_BELLATERRA',15728733,'10.74.0.254','64:D1:54:F1:E9:AA',NULL,'PPPoE_SERVER','83.61.18.4','Ethernet'),(94,'7CCB0777D5ED',1522960771,1523264041,1523264055,'Stopped',NULL,70791097,15315080,'81600021_7CCB0777D5ED_15728740_94_1523264055_303281',303281,'User-Request','CCR_BELLATERRA',15728740,'10.74.0.254','64:D1:54:F1:E9:AA',NULL,'PPPoE_SERVER','83.61.18.4','Ethernet'),(95,'7CCB0777D5ED',1523264055,1523264115,1523264146,'Stopped',NULL,5989181,1435490,'81600022_7CCB0777D5ED_15728743_95_1523264146_91',91,'User-Request','CCR_BELLATERRA',15728743,'10.74.0.254','64:D1:54:F1:E9:AA',NULL,'PPPoE_SERVER','83.61.18.4','Ethernet'),(96,'7CCB0777D5ED',1523264146,1523264206,1523264237,'Stopped',NULL,1433858,5847451,'81600023_7CCB0777D5ED_15728744_96_1523264237_91',91,'User-Request','CCR_BELLATERRA',15728744,'10.74.0.254','64:D1:54:F1:E9:AA',NULL,'PPPoE_SERVER','83.61.18.4','Ethernet'),(97,'7CCB0777D5ED',1523264237,1523269578,1523269617,'Stopped',NULL,31321870,19491740,'81600024_7CCB0777D5ED_15728745_97_1523269617_5380',5380,'User-Request','CCR_BELLATERRA',15728745,'10.74.0.254','64:D1:54:F1:E9:AA',NULL,'PPPoE_SERVER','83.61.18.4','Ethernet'),(98,'7CCB0777D5ED',1523269617,0,1523269673,'Stopped',NULL,11163571,2827628,'81600025_7CCB0777D5ED_15728746_98_1523269673_56',56,'User-Request','CCR_BELLATERRA',15728746,'10.74.0.254','64:D1:54:F1:E9:AA',NULL,'PPPoE_SERVER','83.61.18.4','Ethernet'),(99,'7CCB0777D5ED',1523269673,1523279395,1523279396,'Stopped',NULL,7933314,25759177,'81600026_7CCB0777D5ED_15728747_99_1523279396_9723',9723,'Lost-Carrier','CCR_BELLATERRA',15728747,'10.74.0.254','64:D1:54:F1:E9:AA',NULL,'PPPoE_SERVER','83.61.18.4','Ethernet');
/*!40000 ALTER TABLE `CPEACCOUNTING` ENABLE KEYS */;
UNLOCK TABLES;

--
-- Table structure for table `CPEACCOUNTING_2018_03`
--

DROP TABLE IF EXISTS `CPEACCOUNTING_2018_03`;
/*!40101 SET @saved_cs_client     = @@character_set_client */;
/*!40101 SET character_set_client = utf8 */;
CREATE TABLE `CPEACCOUNTING_2018_03` (
  `id` int(11) NOT NULL AUTO_INCREMENT,
  `USERNAME` char(50) NOT NULL,
  `TIME_STAMP` int(11) DEFAULT NULL,
  `UPDATETIME` int(11) DEFAULT '0',
  `STOPTIME` int(11) DEFAULT NULL,
  `ACCTSTATUSTYPE` char(10) DEFAULT NULL,
  `ACCTDELAYTIME` int(11) DEFAULT NULL,
  `ACCTINPUTOCTETS` int(11) NOT NULL DEFAULT '0',
  `ACCTOUTPUTOCTETS` int(11) DEFAULT '0',
  `ACCTSESSIONID` char(70) DEFAULT NULL,
  `ACCTSESSIONTIME` int(11) DEFAULT '0',
  `ACCTTERMINATECAUSE` varchar(50) DEFAULT NULL,
  `NASIDENTIFIER` char(50) DEFAULT NULL,
  `NASPORT` int(11) DEFAULT NULL,
  `FRAMEDIPADDRESS` char(22) DEFAULT NULL,
  `MACADDRESS` varchar(22) DEFAULT NULL,
  `NASPORTID` varchar(30) DEFAULT NULL,
  `CALLEDSTATIONID` varchar(30) DEFAULT NULL,
  `NASIPADDRESS` varchar(30) DEFAULT NULL,
  `NASPORTTYPE` varchar(50) DEFAULT NULL,
  PRIMARY KEY (`id`),
  KEY `ACCOUNTING_I` (`USERNAME`),
  KEY `SESSIONID_UNIQUE` (`ACCTSESSIONID`) USING BTREE
) ENGINE=InnoDB DEFAULT CHARSET=latin1;
/*!40101 SET character_set_client = @saved_cs_client */;

--
-- Dumping data for table `CPEACCOUNTING_2018_03`
--

LOCK TABLES `CPEACCOUNTING_2018_03` WRITE;
/*!40000 ALTER TABLE `CPEACCOUNTING_2018_03` DISABLE KEYS */;
/*!40000 ALTER TABLE `CPEACCOUNTING_2018_03` ENABLE KEYS */;
UNLOCK TABLES;

--
-- Table structure for table `CPEACCOUNTING_2018_04`
--

DROP TABLE IF EXISTS `CPEACCOUNTING_2018_04`;
/*!40101 SET @saved_cs_client     = @@character_set_client */;
/*!40101 SET character_set_client = utf8 */;
CREATE TABLE `CPEACCOUNTING_2018_04` (
  `id` int(11) NOT NULL AUTO_INCREMENT,
  `USERNAME` char(50) NOT NULL,
  `TIME_STAMP` int(11) DEFAULT NULL,
  `UPDATETIME` int(11) DEFAULT '0',
  `STOPTIME` int(11) DEFAULT NULL,
  `ACCTSTATUSTYPE` char(10) DEFAULT NULL,
  `ACCTDELAYTIME` int(11) DEFAULT NULL,
  `ACCTINPUTOCTETS` int(11) NOT NULL DEFAULT '0',
  `ACCTOUTPUTOCTETS` int(11) DEFAULT '0',
  `ACCTSESSIONID` char(70) DEFAULT NULL,
  `ACCTSESSIONTIME` int(11) DEFAULT '0',
  `ACCTTERMINATECAUSE` varchar(50) DEFAULT NULL,
  `NASIDENTIFIER` char(50) DEFAULT NULL,
  `NASPORT` int(11) DEFAULT NULL,
  `FRAMEDIPADDRESS` char(22) DEFAULT NULL,
  `MACADDRESS` varchar(22) DEFAULT NULL,
  `NASPORTID` varchar(30) DEFAULT NULL,
  `CALLEDSTATIONID` varchar(30) DEFAULT NULL,
  `NASIPADDRESS` varchar(30) DEFAULT NULL,
  `NASPORTTYPE` varchar(50) DEFAULT NULL,
  PRIMARY KEY (`id`),
  KEY `ACCOUNTING_I` (`USERNAME`),
  KEY `SESSIONID_UNIQUE` (`ACCTSESSIONID`) USING BTREE
) ENGINE=InnoDB DEFAULT CHARSET=latin1;
/*!40101 SET character_set_client = @saved_cs_client */;

--
-- Dumping data for table `CPEACCOUNTING_2018_04`
--

LOCK TABLES `CPEACCOUNTING_2018_04` WRITE;
/*!40000 ALTER TABLE `CPEACCOUNTING_2018_04` DISABLE KEYS */;
/*!40000 ALTER TABLE `CPEACCOUNTING_2018_04` ENABLE KEYS */;
UNLOCK TABLES;

--
-- Table structure for table `CPEONLINE`
--

DROP TABLE IF EXISTS `CPEONLINE`;
/*!40101 SET @saved_cs_client     = @@character_set_client */;
/*!40101 SET character_set_client = utf8 */;
CREATE TABLE `CPEONLINE` (
  `USERNAME` char(100) NOT NULL,
  `NASIDENTIFIER` char(50) NOT NULL,
  `ACCTSESSIONID` char(30) NOT NULL,
  `TIME_STAMP` int(11) DEFAULT NULL,
  `LAST_SEEN` int(11) NOT NULL,
  `MACADDRESS` varchar(22) DEFAULT NULL,
  `IPADDRESS` varchar(36) DEFAULT NULL,
  UNIQUE KEY `RADONLINE_I2` (`USERNAME`) USING BTREE
) ENGINE=InnoDB DEFAULT CHARSET=latin1;
/*!40101 SET character_set_client = @saved_cs_client */;

--
-- Dumping data for table `CPEONLINE`
--

LOCK TABLES `CPEONLINE` WRITE;
/*!40000 ALTER TABLE `CPEONLINE` DISABLE KEYS */;
INSERT INTO `CPEONLINE` VALUES ('66160672AACC','TEST','81f11556',15807590,0,'00:2C:DE:AD:BE:EF',NULL),('user3','TEST','345346346',15807590,0,'6C:3B:6B:1B:78:0D',NULL);
/*!40000 ALTER TABLE `CPEONLINE` ENABLE KEYS */;
UNLOCK TABLES;

--
-- Table structure for table `CPEONLINE_PROVISIONING`
--

DROP TABLE IF EXISTS `CPEONLINE_PROVISIONING`;
/*!40101 SET @saved_cs_client     = @@character_set_client */;
/*!40101 SET character_set_client = utf8 */;
CREATE TABLE `CPEONLINE_PROVISIONING` (
  `USERNAME` char(100) NOT NULL,
  `NASIDENTIFIER` char(50) NOT NULL,
  `ACCTSESSIONID` char(30) NOT NULL,
  `TIME_STAMP` int(11) DEFAULT NULL,
  `LAST_SEEN` int(11) NOT NULL,
  `MACADDRESS` varchar(22) DEFAULT NULL,
  UNIQUE KEY `RADONLINE_I2` (`USERNAME`)
) ENGINE=InnoDB DEFAULT CHARSET=latin1 ROW_FORMAT=COMPACT;
/*!40101 SET character_set_client = @saved_cs_client */;

--
-- Dumping data for table `CPEONLINE_PROVISIONING`
--

LOCK TABLES `CPEONLINE_PROVISIONING` WRITE;
/*!40000 ALTER TABLE `CPEONLINE_PROVISIONING` DISABLE KEYS */;
INSERT INTO `CPEONLINE_PROVISIONING` VALUES ('7CCB0777D5ED','CCR_BELLATERRA','81600014',1522822377,1522822497,'64:D1:54:F1:E9:AA');
/*!40000 ALTER TABLE `CPEONLINE_PROVISIONING` ENABLE KEYS */;
UNLOCK TABLES;

--
-- Table structure for table `CPE_HISTORY`
--

DROP TABLE IF EXISTS `CPE_HISTORY`;
/*!40101 SET @saved_cs_client     = @@character_set_client */;
/*!40101 SET character_set_client = utf8 */;
CREATE TABLE `CPE_HISTORY` (
  `ROW_ID` int(10) unsigned NOT NULL,
  `USERNAME` char(20) COLLATE utf8_bin NOT NULL,
  `ACCTINPUTOCTETS` bigint(11) unsigned NOT NULL,
  `ACCTOUTPUTOCTETS` bigint(11) unsigned NOT NULL,
  `ACCTSESSIONTIME` int(10) unsigned NOT NULL,
  `ACCTSESSIONID` char(80) COLLATE utf8_bin NOT NULL,
  `TIME_STAMP` int(10) unsigned NOT NULL,
  PRIMARY KEY (`ROW_ID`,`USERNAME`),
  UNIQUE KEY `row_id` (`ROW_ID`,`TIME_STAMP`) USING BTREE,
  KEY `ts` (`TIME_STAMP`)
) ENGINE=InnoDB DEFAULT CHARSET=utf8 COLLATE=utf8_bin;
/*!40101 SET character_set_client = @saved_cs_client */;

--
-- Dumping data for table `CPE_HISTORY`
--

LOCK TABLES `CPE_HISTORY` WRITE;
/*!40000 ALTER TABLE `CPE_HISTORY` DISABLE KEYS */;
INSERT INTO `CPE_HISTORY` VALUES (1,'66160672AACC',1092769,5399682,1800,'81f11556',1508019314),(1,'7CCB0777D5ED',8459,4508,60,'8160000d',1522758621),(2,'66160672AACC',6323088,38354721,3600,'81f11556',1508019315),(2,'7CCB0777D5ED',62991,28603,120,'8160000d',1522758681),(3,'66160672AACC',12704178,108634628,5400,'81f11556',1508019316),(3,'7CCB0777D5ED',117607,52273,180,'8160000d',1522758741),(4,'66160672AACC',14638257,143829362,7200,'81f11556',1508019317),(4,'7CCB0777D5ED',172263,76110,240,'8160000d',1522758801),(5,'66160672AACC',22621520,240609021,9000,'81f11556',1508019318),(5,'7CCB0777D5ED',230269,101386,300,'8160000d',1522758861),(6,'66160672AACC',27584384,328407266,10800,'81f11556',1508019319),(6,'7CCB0777D5ED',257146,113507,360,'8160000d',1522758921),(7,'66160672AACC',37848423,438872637,12600,'81f11556',1508019320),(7,'7CCB0777D5ED',257568,113960,420,'8160000d',1522758981),(8,'66160672AACC',41437588,474765226,14400,'81f11556',1508019321),(8,'7CCB0777D5ED',258355,114624,480,'8160000d',1522759041),(9,'66160672AACC',50245633,655328088,16200,'81f11556',1508019322),(9,'7CCB0777D5ED',266569,122933,540,'8160000d',1522759101),(10,'66160672AACC',61451242,909723459,18000,'81f11556',1508019323),(10,'7CCB0777D5ED',266991,123386,600,'8160000d',1522759161),(11,'7CCB0777D5ED',267839,124087,660,'8160000d',1522759221),(12,'7CCB0777D5ED',704,314,60,'8160000e',1522789731),(13,'7CCB0777D5ED',1252,464,121,'8160000e',1522789791),(14,'7CCB0777D5ED',687526,5033510,181,'8160000e',1522789851),(15,'7CCB0777D5ED',2026017,13104809,241,'8160000e',1522789911),(16,'7CCB0777D5ED',5604170,13511687,301,'8160000e',1522789971),(17,'7CCB0777D5ED',9849189,15952373,361,'8160000e',1522790031),(18,'7CCB0777D5ED',9851594,15955051,421,'8160000e',1522790091),(19,'7CCB0777D5ED',9866837,15962911,481,'8160000e',1522790151),(20,'7CCB0777D5ED',9871194,15969630,541,'8160000e',1522790211),(21,'7CCB0777D5ED',9872854,15970851,601,'8160000e',1522790271),(22,'7CCB0777D5ED',9873732,15971308,661,'8160000e',1522790331),(23,'7CCB0777D5ED',9874250,15971854,721,'8160000e',1522790391),(24,'7CCB0777D5ED',9875288,15972725,781,'8160000e',1522790451),(25,'7CCB0777D5ED',9875288,15972875,841,'8160000e',1522790511),(26,'7CCB0777D5ED',9875288,15973025,901,'8160000e',1522790571),(27,'7CCB0777D5ED',9880510,15987715,961,'8160000e',1522790631),(28,'7CCB0777D5ED',9880510,15987865,1021,'8160000e',1522790691),(29,'7CCB0777D5ED',9880510,15988015,1081,'8160000e',1522790751),(30,'7CCB0777D5ED',9880510,15988165,1141,'8160000e',1522790811),(31,'7CCB0777D5ED',9880701,15988514,1201,'8160000e',1522790871),(32,'7CCB0777D5ED',9880836,15988708,1261,'8160000e',1522790931),(33,'7CCB0777D5ED',9880836,15988858,1321,'8160000e',1522790991),(34,'7CCB0777D5ED',9880836,15989008,1381,'8160000e',1522791051),(35,'7CCB0777D5ED',9880836,15989158,1441,'8160000e',1522791111),(36,'7CCB0777D5ED',9880836,15989308,1501,'8160000e',1522791171),(37,'7CCB0777D5ED',9880836,15989458,1561,'8160000e',1522791231);
/*!40000 ALTER TABLE `CPE_HISTORY` ENABLE KEYS */;
UNLOCK TABLES;

--
-- Table structure for table `CPE_PROVISIONED`
--

DROP TABLE IF EXISTS `CPE_PROVISIONED`;
/*!40101 SET @saved_cs_client     = @@character_set_client */;
/*!40101 SET character_set_client = utf8 */;
CREATE TABLE `CPE_PROVISIONED` (
  `USERNAME` char(50) NOT NULL,
  `PASSWORD` char(100) DEFAULT NULL,
  `ENCRYPTEDPASSWORD` char(100) DEFAULT NULL,
  `RATELIMIT` varchar(50) DEFAULT '128k/128k',
  `ALLOWEDMAC` varchar(30) DEFAULT NULL,
  `ALLOWEDIP` varchar(22) DEFAULT NULL,
  `TIMELIMIT` int(11) DEFAULT '0',
  `ENABLED` int(11) DEFAULT '1',
  PRIMARY KEY (`USERNAME`),
  UNIQUE KEY `USERNAME_I` (`USERNAME`)
) ENGINE=InnoDB DEFAULT CHARSET=latin1;
/*!40101 SET character_set_client = @saved_cs_client */;

--
-- Dumping data for table `CPE_PROVISIONED`
--

LOCK TABLES `CPE_PROVISIONED` WRITE;
/*!40000 ALTER TABLE `CPE_PROVISIONED` DISABLE KEYS */;
INSERT INTO `CPE_PROVISIONED` VALUES ('6618065A0CE6','4qJ4GkS3HSG8WyOe','4qJ4GkS3HSG8WyOe','1M/1M','6C:3B:6B:96:23:9B',NULL,1489244295,1),('7CCB0777D5ED','WIpvpZdwif90iclI','WIpvpZdwif90iclI','128k/128k','64:D1:54:F1:E9:AA',NULL,1525333571,1);
/*!40000 ALTER TABLE `CPE_PROVISIONED` ENABLE KEYS */;
UNLOCK TABLES;

--
-- Table structure for table `DATA_CONSUMPTION_HISTORY`
--

DROP TABLE IF EXISTS `DATA_CONSUMPTION_HISTORY`;
/*!40101 SET @saved_cs_client     = @@character_set_client */;
/*!40101 SET character_set_client = utf8 */;
CREATE TABLE `DATA_CONSUMPTION_HISTORY` (
  `DEVICEID` varchar(25) NOT NULL DEFAULT '',
  `UPLOAD` bigint(20) DEFAULT '0',
  `LAST_UPLOAD` bigint(20) DEFAULT '0',
  `DOWNLOAD` bigint(20) DEFAULT '0',
  `LAST_DOWNLOAD` bigint(20) DEFAULT '0',
  `DURATION` int(11) DEFAULT '0',
  `LAST_DURATION` int(11) DEFAULT '0',
  `DATE` date NOT NULL DEFAULT '0000-00-00',
  `LAST_IP_ADDRESS` varchar(30) DEFAULT NULL,
  `LAST_UPDATED` timestamp NULL DEFAULT CURRENT_TIMESTAMP,
  PRIMARY KEY (`DEVICEID`,`DATE`)
) ENGINE=InnoDB DEFAULT CHARSET=utf8;
/*!40101 SET character_set_client = @saved_cs_client */;

--
-- Dumping data for table `DATA_CONSUMPTION_HISTORY`
--

LOCK TABLES `DATA_CONSUMPTION_HISTORY` WRITE;
/*!40000 ALTER TABLE `DATA_CONSUMPTION_HISTORY` DISABLE KEYS */;
INSERT INTO `DATA_CONSUMPTION_HISTORY` VALUES ('7CCB0777D5ED',87010678,22278362,517050965,510748472,75093,46445,'2018-04-04','10.74.0.254','2018-04-04 17:59:51'),('7CCB0777D5ED',250830844,1864,520122077,3544,55188,1200,'2018-04-05','10.74.0.254','2018-04-05 17:59:31'),('7CCB0777D5ED',2684160,1864,219544,219544,87608,87608,'2018-04-06','10.74.0.254','2018-04-06 17:59:40'),('7CCB0777D5ED',2925793,590646,1547024,1547024,174016,174016,'2018-04-07','10.74.0.254','2018-04-07 17:59:49'),('7CCB0777D5ED',37959520,37959520,3592598,3592598,260423,260423,'2018-04-08','10.74.0.254','2018-04-08 17:59:57'),('7CCB0777D5ED',914998575,7933314,93608115,25759177,318566,9723,'2018-04-09','10.74.0.254','2018-04-09 10:09:56');
/*!40000 ALTER TABLE `DATA_CONSUMPTION_HISTORY` ENABLE KEYS */;
UNLOCK TABLES;

--
-- Table structure for table `DEVICES`
--

DROP TABLE IF EXISTS `DEVICES`;
/*!40101 SET @saved_cs_client     = @@character_set_client */;
/*!40101 SET character_set_client = utf8 */;
CREATE TABLE `DEVICES` (
  `ID` int(11) NOT NULL AUTO_INCREMENT,
  `TYPE` varchar(80) DEFAULT NULL,
  `SERIAL` varchar(64) DEFAULT NULL,
  `IPADDRESS` varchar(16) DEFAULT NULL,
  `BRIDGE_MAC` varchar(18) DEFAULT NULL,
  `ETH_MAC` varchar(18) DEFAULT NULL,
  `WLAN_MAC` varchar(18) DEFAULT NULL,
  `USERNAME` varchar(20) DEFAULT NULL,
  `PASSWORD` varchar(120) DEFAULT NULL,
  `EAPPASSWORD` varchar(30) DEFAULT NULL,
  `NETWORK` int(15) DEFAULT NULL,
  `ENABLED` int(11) DEFAULT '1',
  PRIMARY KEY (`ID`)
) ENGINE=InnoDB DEFAULT CHARSET=utf8;
/*!40101 SET character_set_client = @saved_cs_client */;

--
-- Dumping data for table `DEVICES`
--

LOCK TABLES `DEVICES` WRITE;
/*!40000 ALTER TABLE `DEVICES` DISABLE KEYS */;
/*!40000 ALTER TABLE `DEVICES` ENABLE KEYS */;
UNLOCK TABLES;

--
-- Table structure for table `EAPACCOUNTING`
--

DROP TABLE IF EXISTS `EAPACCOUNTING`;
/*!40101 SET @saved_cs_client     = @@character_set_client */;
/*!40101 SET character_set_client = utf8 */;
CREATE TABLE `EAPACCOUNTING` (
  `USERNAME` char(50) NOT NULL,
  `TIME_STAMP` int(11) DEFAULT NULL,
  `ACCTSTATUSTYPE` char(10) DEFAULT NULL,
  `ACCTDELAYTIME` int(11) DEFAULT NULL,
  `ACCTINPUTOCTETS` int(11) DEFAULT NULL,
  `ACCTOUTPUTOCTETS` int(11) DEFAULT NULL,
  `ACCTSESSIONID` char(30) DEFAULT NULL,
  `ACCTSESSIONTIME` int(11) DEFAULT NULL,
  `ACCTTERMINATECAUSE` varchar(50) DEFAULT NULL,
  `NASIDENTIFIER` char(50) DEFAULT NULL,
  `NASPORT` int(11) DEFAULT NULL,
  `FRAMEDIPADDRESS` char(22) DEFAULT NULL,
  `MACADDRESS` varchar(22) DEFAULT NULL,
  KEY `ACCOUNTING_I` (`USERNAME`)
) ENGINE=InnoDB DEFAULT CHARSET=latin1;
/*!40101 SET character_set_client = @saved_cs_client */;

--
-- Dumping data for table `EAPACCOUNTING`
--

LOCK TABLES `EAPACCOUNTING` WRITE;
/*!40000 ALTER TABLE `EAPACCOUNTING` DISABLE KEYS */;
/*!40000 ALTER TABLE `EAPACCOUNTING` ENABLE KEYS */;
UNLOCK TABLES;

--
-- Table structure for table `EAPONLINE`
--

DROP TABLE IF EXISTS `EAPONLINE`;
/*!40101 SET @saved_cs_client     = @@character_set_client */;
/*!40101 SET character_set_client = utf8 */;
CREATE TABLE `EAPONLINE` (
  `USERNAME` char(100) NOT NULL,
  `NASIDENTIFIER` char(50) NOT NULL,
  `ACCTSESSIONID` char(30) NOT NULL,
  `TIME_STAMP` int(11) DEFAULT NULL,
  `LAST_SEEN` int(11) NOT NULL,
  `MACADDRESS` varchar(22) DEFAULT NULL,
  KEY `RADONLINE_I2` (`USERNAME`)
) ENGINE=InnoDB DEFAULT CHARSET=latin1;
/*!40101 SET character_set_client = @saved_cs_client */;

--
-- Dumping data for table `EAPONLINE`
--

LOCK TABLES `EAPONLINE` WRITE;
/*!40000 ALTER TABLE `EAPONLINE` DISABLE KEYS */;
/*!40000 ALTER TABLE `EAPONLINE` ENABLE KEYS */;
UNLOCK TABLES;

--
-- Table structure for table `EAPSUBSCRIBERS`
--

DROP TABLE IF EXISTS `EAPSUBSCRIBERS`;
/*!40101 SET @saved_cs_client     = @@character_set_client */;
/*!40101 SET character_set_client = utf8 */;
CREATE TABLE `EAPSUBSCRIBERS` (
  `ID` int(11) NOT NULL AUTO_INCREMENT,
  `USERNAME` varchar(50) NOT NULL,
  `PASSWORD` varchar(100) DEFAULT NULL,
  `ENCRYPTEDPASSWORD` varchar(100) DEFAULT NULL,
  `SERIAL` varchar(30) DEFAULT '0',
  `MACADDRESS` varchar(20) DEFAULT NULL,
  `WLANMACADDRESS` varchar(22) DEFAULT NULL,
  `IPADDRESS` varchar(30) DEFAULT NULL,
  `ENABLED` int(11) DEFAULT '0',
  `NETWORK` int(11) DEFAULT '0',
  PRIMARY KEY (`ID`),
  UNIQUE KEY `USERNAME_I` (`USERNAME`)
) ENGINE=InnoDB AUTO_INCREMENT=185 DEFAULT CHARSET=latin1 ROW_FORMAT=COMPACT;
/*!40101 SET character_set_client = @saved_cs_client */;

--
-- Dumping data for table `EAPSUBSCRIBERS`
--

LOCK TABLES `EAPSUBSCRIBERS` WRITE;
/*!40000 ALTER TABLE `EAPSUBSCRIBERS` DISABLE KEYS */;
INSERT INTO `EAPSUBSCRIBERS` VALUES (1,'000C42C6489C','2jR56yJlFnKT','2jR56yJlFnKT','0',NULL,NULL,NULL,0,0),(2,'000C42C648A2','JxdESQD7LeBI','JxdESQD7LeBI','0',NULL,NULL,NULL,0,0),(3,'4C5E0C1AB084','MWf6K8nFLOTT','MWf6K8nFLOTT','0',NULL,NULL,NULL,0,0),(4,'4C5E0C1AB086','xWFrMZglDrXu','xWFrMZglDrXu','0',NULL,NULL,NULL,0,0),(5,'4C5E0C1AB088','QE8WoxKRGSRs','QE8WoxKRGSRs','0',NULL,NULL,NULL,0,0),(6,'4C5E0C1AB08A','TlXRjXopUVNl','TlXRjXopUVNl','0',NULL,NULL,NULL,0,0),(7,'4C5E0C1AB0A6','JU8cg29WUbEh','JU8cg29WUbEh','0',NULL,NULL,NULL,0,0),(8,'4C5E0C1AB0AC','kS08je9Vs5Hc','kS08je9Vs5Hc','0',NULL,NULL,NULL,0,0),(9,'4C5E0C1AB0AE','ht5C2ikNWFgD','ht5C2ikNWFgD','0',NULL,NULL,NULL,0,0),(10,'4C5E0C1AB0B0','bWa2L4PhUgd8','bWa2L4PhUgd8','0',NULL,NULL,NULL,0,0),(11,'4C5E0C1AB0B6','rx1m9kwdO7Wi','rx1m9kwdO7Wi','0',NULL,NULL,NULL,0,0),(12,'4C5E0C1AB0B8','bMCmSSzFkszU','bMCmSSzFkszU','0',NULL,NULL,NULL,0,0),(13,'4C5E0C1AB10A','ZMyecKBGAvEf','ZMyecKBGAvEf','0',NULL,NULL,NULL,0,0),(14,'68725140B9E4','2DHHRmZEFUvD','2DHHRmZEFUvD','0',NULL,NULL,NULL,0,0),(15,'6C3B6B07FB34','twOEi2J0OhGk','twOEi2J0OhGk','0',NULL,NULL,NULL,0,0),(16,'6C3B6B07FB36','uyz00VmICZnY','uyz00VmICZnY','0',NULL,NULL,NULL,0,0),(17,'6C3B6B07FB38','rlYooaG85i7a','rlYooaG85i7a','0',NULL,NULL,NULL,0,0),(18,'6C3B6B07FB4A','6C6olFxH2VxW','6C6olFxH2VxW','0',NULL,NULL,NULL,0,0),(19,'6C3B6B07FB54','j1TrbzToKaMz','j1TrbzToKaMz','0',NULL,NULL,NULL,0,0),(20,'6C3B6B07FB56','7bP3GMcqgggc','7bP3GMcqgggc','0',NULL,NULL,NULL,0,0),(21,'6C3B6B07FB5A','gQQ1tC7kjTKV','gQQ1tC7kjTKV','0',NULL,NULL,NULL,0,0),(22,'6C3B6B07FB60','Qf8ESYlhx8id','Qf8ESYlhx8id','0',NULL,NULL,NULL,0,0),(23,'6C3B6B07FB62','HyxcZGGYDIqf','HyxcZGGYDIqf','0',NULL,NULL,NULL,0,0),(24,'6C3B6B07FB68','iA6lzRE08lAI','iA6lzRE08lAI','0',NULL,NULL,NULL,0,0),(25,'6C3B6B07FBCC','T4kzktQhyjxN','T4kzktQhyjxN','0',NULL,NULL,NULL,0,0),(26,'6C3B6B1198BC','mzdnlYBV5JDm','mzdnlYBV5JDm','0',NULL,NULL,'172.16.254.157',0,0),(27,'6C3B6B1198BE','MtsOpxHg2zue','MtsOpxHg2zue','0',NULL,NULL,'172.16.254.161',0,0),(28,'6C3B6B1198C6','PTLhnRoOtSR4','PTLhnRoOtSR4','0',NULL,NULL,'172.16.254.163',0,0),(29,'6C3B6B565CF2','V7SDczYXKv8o','V7SDczYXKv8o','0',NULL,NULL,'172.16.254.160',0,0),(30,'6C3B6B565D82','9OSqgW2QezzS','9OSqgW2QezzS','0',NULL,NULL,'172.16.254.159',0,0),(31,'6C3B6B565D92','jyqeaBpF7Y8i','jyqeaBpF7Y8i','0',NULL,NULL,'172.16.254.164',0,0),(32,'6C3B6B57BD34','eSRoTB4tKAMO','eSRoTB4tKAMO','0',NULL,NULL,'172.16.254.153',0,0),(33,'6C3B6B57BD78','JPRKIvTvDPTV','JPRKIvTvDPTV','0',NULL,NULL,'172.16.254.152',0,0),(34,'6C3B6B57BD94','BKH1XbMRtabf','BKH1XbMRtabf','0',NULL,NULL,'172.16.254.150',0,0),(35,'6C3B6B57BD9C','vjdhJbPmFJXi','vjdhJbPmFJXi','0',NULL,NULL,'172.16.254.155',0,0),(36,'6C3B6B57BDA6','tH8DnCNMhkPC','tH8DnCNMhkPC','0',NULL,NULL,'172.16.254.158',0,0),(37,'6C3B6B57BDAA','NrnK5t0FMGDB','NrnK5t0FMGDB','0',NULL,NULL,'172.16.254.149',0,0),(38,'6C3B6B591B94','F0N3YFm0y6uF','F0N3YFm0y6uF','0',NULL,NULL,'172.16.254.162',0,0),(39,'6C3B6B591BA0','A7dIVlosjz0U','A7dIVlosjz0U','0',NULL,NULL,'172.16.254.154',0,0),(40,'6C3B6B591BA2','q9guaxxC6nRk','q9guaxxC6nRk','0',NULL,NULL,'172.16.254.156',0,0),(41,'6C3B6B591BDC','Ru4T6BM8T2H3','Ru4T6BM8T2H3','0',NULL,NULL,'172.16.254.151',0,0),(42,'6C3B6B999B44','xsN83m0OeVe3','xsN83m0OeVe3','0',NULL,NULL,'172.16.254.138',0,0),(43,'6C3B6B9AA32D','eyX6dqKXMWgr','eyX6dqKXMWgr','0',NULL,NULL,'172.16.254.140',0,0),(44,'6C3B6B9AA4C3','R9fyttCnThEx','R9fyttCnThEx','0',NULL,NULL,'172.16.254.145',0,0),(45,'6C3B6B9C0845','vhDJS5IdgpCF','vhDJS5IdgpCF','0',NULL,NULL,'172.16.254.142',0,0),(46,'6C3B6B9C0A3D','EXYjQ8DzRp67','EXYjQ8DzRp67','0',NULL,NULL,'172.16.254.144',0,0),(47,'6C3B6B9C0A59','4UIVwJfrbWnv','4UIVwJfrbWnv','0',NULL,NULL,'172.16.254.141',0,0),(48,'6C3B6B9F1F40','jVmGu8zxpbBf','jVmGu8zxpbBf','0',NULL,NULL,'172.16.254.139',0,0),(49,'6C3B6BA23E53','xib74JB7WRvD','xib74JB7WRvD','0',NULL,NULL,'172.16.254.129',0,0),(50,'6C3B6BA23FAD','7gsYNHVSbS1y','7gsYNHVSbS1y','0',NULL,NULL,'172.16.254.143',0,0),(51,'6C3B6BC9AED6','6p8f7UpXiQCb','6p8f7UpXiQCb','0',NULL,NULL,'172.16.254.165',0,0),(52,'E48D8C0119B3','hatqRBLHyWIN','hatqRBLHyWIN','0',NULL,NULL,NULL,0,0),(53,'E48D8C0119B5','W9XAQLGNJYqN','W9XAQLGNJYqN','0',NULL,NULL,NULL,0,0),(54,'E48D8C011A77','iF5S3iA5QFbL','iF5S3iA5QFbL','0',NULL,NULL,NULL,0,0),(55,'E48D8C2611DC','Cj6kLGv8ZzLa','Cj6kLGv8ZzLa','0',NULL,NULL,NULL,0,0),(56,'E48D8C261452','2DHPSvOomNEK','2DHPSvOomNEK','0',NULL,NULL,NULL,0,0),(57,'E48D8C261454','uXk1nkwOxYtP','uXk1nkwOxYtP','0',NULL,NULL,NULL,0,0),(58,'E48D8C261456','nUNhPOGeoIpi','nUNhPOGeoIpi','0',NULL,NULL,NULL,0,0),(59,'E48D8C26145C','xdg2uQdzNY4v','xdg2uQdzNY4v','0',NULL,NULL,NULL,0,0),(60,'E48D8C26145E','KPKiBwZo4kMi','KPKiBwZo4kMi','0',NULL,NULL,NULL,0,0),(61,'E48D8C261464','YwYuCgvE7xWm','YwYuCgvE7xWm','0',NULL,NULL,NULL,0,0),(62,'E48D8C261466','lNyQBXpPcShx','lNyQBXpPcShx','0',NULL,NULL,NULL,0,0),(63,'E48D8C261468','6y4pg1QpbyTp','6y4pg1QpbyTp','0',NULL,NULL,NULL,0,0),(64,'E48D8C26146A','BmDftjEx1ugf','BmDftjEx1ugf','0',NULL,NULL,NULL,0,0),(65,'E48D8C261476','PWRJRDWE6PtC','PWRJRDWE6PtC','0',NULL,NULL,NULL,0,0),(66,'E48D8C26147C','JvXJgJlBrHky','JvXJgJlBrHky','0',NULL,NULL,NULL,0,0),(67,'E48D8C261480','WQvgLnJPNWPW','WQvgLnJPNWPW','0',NULL,NULL,NULL,0,0),(68,'E48D8C261482','FhMZxTh29UYF','FhMZxTh29UYF','0',NULL,NULL,NULL,0,0),(69,'E48D8C26148A','ipmzvzalFOTQ','ipmzvzalFOTQ','0',NULL,NULL,NULL,0,0),(70,'E48D8C26148C','fbeeKnogXqoz','fbeeKnogXqoz','0',NULL,NULL,NULL,0,0),(71,'E48D8C26148E','eXxpLGnJ4Tck','eXxpLGnJ4Tck','0',NULL,NULL,NULL,0,0),(72,'E48D8C261490','segzSySyXBK2','segzSySyXBK2','0',NULL,NULL,NULL,0,0),(73,'E48D8C261492','05O00ZrvYn0X','05O00ZrvYn0X','0',NULL,NULL,NULL,0,0),(74,'E48D8C2614A8','V3zL3B1scYgM','V3zL3B1scYgM','0',NULL,NULL,NULL,0,0),(75,'E48D8C2614AA','8ZaHi8eSX7gZ','8ZaHi8eSX7gZ','0',NULL,NULL,NULL,0,0),(76,'E48D8C27174C','gqElR16saxEv','gqElR16saxEv','0',NULL,NULL,NULL,0,0),(77,'E48D8C271750','MVB0mfCzqQZR','MVB0mfCzqQZR','0',NULL,NULL,NULL,0,0),(78,'E48D8C27175C','dAPmTfhVRnIn','dAPmTfhVRnIn','0',NULL,NULL,NULL,0,0),(79,'E48D8C271762','7CeuGoOqF5Bb','7CeuGoOqF5Bb','0',NULL,NULL,NULL,0,0),(80,'E48D8C271764','EuiHNIMLqZrd','EuiHNIMLqZrd','0',NULL,NULL,NULL,0,0),(81,'E48D8C271766','OKUu7AOgPq0N','OKUu7AOgPq0N','0',NULL,NULL,NULL,0,0),(82,'E48D8C271778','I4axWy1Vb1Ul','I4axWy1Vb1Ul','0',NULL,NULL,NULL,0,0),(83,'E48D8C27177A','R2dUnVnB0O7U','R2dUnVnB0O7U','0',NULL,NULL,NULL,0,0),(84,'E48D8C27177C','EXuZN3tFjlYv','EXuZN3tFjlYv','0',NULL,NULL,NULL,0,0),(85,'E48D8C27177E','TuxGLKjcCPEL','TuxGLKjcCPEL','0',NULL,NULL,NULL,0,0),(86,'E48D8C271780','dhiMJzBVs79t','dhiMJzBVs79t','0',NULL,NULL,NULL,0,0),(87,'E48D8C27178A','oLyntmWJppK3','oLyntmWJppK3','0',NULL,NULL,NULL,0,0),(88,'E48D8C27178C','PHfqtaR5nDme','PHfqtaR5nDme','0',NULL,NULL,NULL,0,0),(89,'E48D8C271790','Y2MABHFN4a9b','Y2MABHFN4a9b','0',NULL,NULL,NULL,0,0),(90,'E48D8C271792','t2fzDNAqnxzf','t2fzDNAqnxzf','0',NULL,NULL,NULL,0,0),(91,'E48D8C271794','6nLM8nLZat4j','6nLM8nLZat4j','0',NULL,NULL,NULL,0,0),(92,'E48D8C271798','nSP88vmzp93w','nSP88vmzp93w','0',NULL,NULL,NULL,0,0),(93,'E48D8C2717B0','R3VQpEx7lePJ','R3VQpEx7lePJ','0',NULL,NULL,NULL,0,0),(94,'E48D8C2717B4','avrUQMBwSnNi','avrUQMBwSnNi','0',NULL,NULL,NULL,0,0),(95,'E48D8C2717B8','kTcJbgDKohSj','kTcJbgDKohSj','0',NULL,NULL,NULL,0,0),(96,'E48D8C2D78B1','T57WQIDGmrNx','T57WQIDGmrNx','0',NULL,NULL,NULL,0,0),(97,'E48D8C2D78B3','joF3gC6XWjtR','joF3gC6XWjtR','0',NULL,NULL,NULL,0,0),(98,'E48D8C2D78B5','R7JWMB6ocNtr','R7JWMB6ocNtr','0',NULL,NULL,NULL,0,0),(99,'E48D8C2D78DD','YQwQEGMszWsS','YQwQEGMszWsS','0',NULL,NULL,NULL,0,0),(100,'E48D8C2D78DF','ugS4gcNQwXSv','ugS4gcNQwXSv','0',NULL,NULL,NULL,0,0),(101,'E48D8C2D78E1','RNTW4W71ruWx','RNTW4W71ruWx','0',NULL,NULL,NULL,0,0),(102,'E48D8C2D78E3','DMJXO38j0uDy','DMJXO38j0uDy','0',NULL,NULL,NULL,0,0),(103,'E48D8C2DED6E','paHkWnMXj8Tg','paHkWnMXj8Tg','0',NULL,NULL,NULL,0,0),(104,'E48D8C2DED70','vsRzLf1K043V','vsRzLf1K043V','0',NULL,NULL,NULL,0,0),(105,'E48D8C2DED72','NJdc4xM7SQ59','NJdc4xM7SQ59','0',NULL,NULL,NULL,0,0),(106,'E48D8C2DED74','WYgMmGl0l1VZ','WYgMmGl0l1VZ','0',NULL,NULL,NULL,0,0),(107,'E48D8C2DED8C','2BA2p5Hgv3m9','2BA2p5Hgv3m9','0',NULL,NULL,NULL,0,0),(108,'E48D8C2DED90','HrdB63O2gV5e','HrdB63O2gV5e','0',NULL,NULL,NULL,0,0),(109,'E48D8C2DED92','R8TYrZsZ3Kju','R8TYrZsZ3Kju','0',NULL,NULL,NULL,0,0),(110,'E48D8C2DED94','v6fcuLn4psXX','v6fcuLn4psXX','0',NULL,NULL,NULL,0,0),(111,'E48D8C2DED96','eaGpgMszUhSO','eaGpgMszUhSO','0',NULL,NULL,NULL,0,0),(112,'E48D8C2DED98','ZLgG2ZG1VYMt','ZLgG2ZG1VYMt','0',NULL,NULL,NULL,0,0),(113,'E48D8C2DED9A','2AZDoKPk3Hui','2AZDoKPk3Hui','0',NULL,NULL,NULL,0,0),(114,'E48D8C3CDE7D','syS9HM1FaaGu','syS9HM1FaaGu','0',NULL,NULL,NULL,0,0),(115,'E48D8C3CDE85','ePu273HtiGdf','ePu273HtiGdf','0',NULL,NULL,NULL,0,0),(116,'E48D8C71A9AC','4PuztHQLPy5C','4PuztHQLPy5C','0',NULL,NULL,'172.16.254.98',0,0),(117,'E48D8C71A9C4','PTllY7e9a2eH','PTllY7e9a2eH','0',NULL,NULL,'172.16.254.105',0,0),(118,'E48D8C71A9C8','XTvQgCTwkyX0','XTvQgCTwkyX0','0',NULL,NULL,'172.16.254.111',0,0),(119,'E48D8C71A9DC','TxsbpkKO9CaN','TxsbpkKO9CaN','0',NULL,NULL,'172.16.254.89',0,0),(120,'E48D8C71A9F0','29vWa2T7E0B0','29vWa2T7E0B0','0',NULL,NULL,'172.16.254.107',0,0),(121,'E48D8C71A9FC','X5GZmnOJJLuL','X5GZmnOJJLuL','0',NULL,NULL,'172.16.254.110',0,0),(122,'E48D8C71AA12','IXiJcy5qnjWj','IXiJcy5qnjWj','0',NULL,NULL,'172.16.254.123',0,0),(123,'E48D8C71AA1A','7z9ZJwR2l9Jy','7z9ZJwR2l9Jy','0',NULL,NULL,'172.16.254.121',0,0),(124,'E48D8C71AA1E','OPKGVCAWnH84','OPKGVCAWnH84','0',NULL,NULL,'172.16.254.95',0,0),(125,'E48D8C71AA26','vblAxPoQ7Ctp','vblAxPoQ7Ctp','0',NULL,NULL,'172.16.254.124',0,0),(126,'E48D8C71AA32','39jBGnpsY5M7','39jBGnpsY5M7','0',NULL,NULL,'172.16.254.102',0,0),(127,'E48D8C71AA3C','oOJBxEv0g11k','oOJBxEv0g11k','0',NULL,NULL,'172.16.254.94',0,0),(128,'E48D8C71AA72','lzLT9bkyuOjq','lzLT9bkyuOjq','0',NULL,NULL,'172.16.254.118',0,0),(129,'E48D8C71AA7A','w2ngcqzPEk6R','w2ngcqzPEk6R','0',NULL,NULL,'172.16.254.127',0,0),(130,'E48D8C71AA96','C5ZLcjW3wgK7','C5ZLcjW3wgK7','0',NULL,NULL,'172.16.254.96',0,0),(131,'E48D8C71AAB6','FmFHZQ8rnM67','FmFHZQ8rnM67','0',NULL,NULL,'172.16.254.117',0,0),(132,'E48D8C71AAC2','o172lU5NlYva','o172lU5NlYva','0',NULL,NULL,'172.16.254.119',0,0),(133,'E48D8C71AADE','ceVm8tWNUPVG','ceVm8tWNUPVG','0',NULL,NULL,'172.16.254.91',0,0),(134,'E48D8C71AB28','yQabMTeI2zlT','yQabMTeI2zlT','0',NULL,NULL,'172.16.254.90',0,0),(135,'E48D8C71AB58','qatwHM76PEHS','qatwHM76PEHS','0',NULL,NULL,'172.16.254.103',0,0),(136,'E48D8C71AB5C','ojvo2dP9kCRx','ojvo2dP9kCRx','0',NULL,NULL,'172.16.254.92',0,0),(137,'E48D8C77CCB2','XCQ1k2TgLROe','XCQ1k2TgLROe','0',NULL,NULL,'172.16.254.106',0,0),(138,'E48D8C77CCBA','5daCC0b9tNNu','5daCC0b9tNNu','0',NULL,NULL,'172.16.254.97',0,0),(139,'E48D8C77CCC8','n4GFdIcvAVgI','n4GFdIcvAVgI','0',NULL,NULL,'172.16.254.109',0,0),(140,'E48D8C77CCFE','jPOc3lG6NTBw','jPOc3lG6NTBw','0',NULL,NULL,'172.16.254.116',0,0),(141,'E48D8C77CD0C','vN9xilcEOlJb','vN9xilcEOlJb','0',NULL,NULL,'172.16.254.108',0,0),(142,'E48D8C77CD16','ajZcpCOEEjhl','ajZcpCOEEjhl','0',NULL,NULL,'172.16.254.112',0,0),(143,'E48D8C77CD18','Gcf0jcUKwON1','Gcf0jcUKwON1','0',NULL,NULL,'172.16.254.104',0,0),(144,'E48D8C77CD1A','hmTXTGzlxaDS','hmTXTGzlxaDS','0',NULL,NULL,'172.16.254.113',0,0),(145,'E48D8C77CD20','b0oMS2CNve0X','b0oMS2CNve0X','0',NULL,NULL,'172.16.254.146',0,0),(146,'E48D8C77CD2A','nVK3IYjcySRR','nVK3IYjcySRR','0',NULL,NULL,'172.16.254.100',0,0),(147,'E48D8C77CD3A','evmtSAsBG5XO','evmtSAsBG5XO','0',NULL,NULL,'172.16.254.101',0,0),(148,'E48D8C77CD5C','26GJDL6uEMzB','26GJDL6uEMzB','0',NULL,NULL,'172.16.254.126',0,0),(149,'E48D8C77CD80','8xBvdAGdcPH5','8xBvdAGdcPH5','0',NULL,NULL,'172.16.254.99',0,0),(150,'E48D8C77CD8A','A0i7mZ8oUann','A0i7mZ8oUann','0',NULL,NULL,'172.16.254.125',0,0),(151,'E48D8C77CDAA','AeyrMnPCFkkM','AeyrMnPCFkkM','0',NULL,NULL,'172.16.254.93',0,0),(152,'E48D8C77CDAC','elOGTIZbHVnu','elOGTIZbHVnu','0',NULL,NULL,'172.16.254.114',0,0),(153,'E48D8C77CDB2','k0Lspmv2p70e','k0Lspmv2p70e','0',NULL,NULL,'172.16.254.120',0,0),(154,'E48D8C77CDC8','HoMUl1hvo2C2','HoMUl1hvo2C2','0',NULL,NULL,'172.16.254.148',0,0),(155,'E48D8C77CE2C','EUKhFVTJUv0h','EUKhFVTJUv0h','0',NULL,NULL,'172.16.254.122',0,0),(156,'E48D8C77CE32','bIpe0aUSSBDf','bIpe0aUSSBDf','0',NULL,NULL,'172.16.254.115',0,0),(157,'E48D8C77CE3A','DHx3Kh7dCQ8E','DHx3Kh7dCQ8E','0',NULL,NULL,'172.16.254.147',0,0),(158,'E48D8C77XXXX','BMirM0usfyq1','BMirM0usfyq1','0',NULL,NULL,NULL,0,0),(159,'E48D8CB141C3','vQ8lPdG7dW1y','vQ8lPdG7dW1y','0',NULL,NULL,'172.16.254.128',0,0),(160,'mike','canada74','canada74','0',NULL,NULL,NULL,0,0),(162,'E48D8C59228C','0BErW1biX6RC','0BErW1biX6RC','579A055AB539','E4:8D:8C:59:22:8C','E4:8D:8C:59:22:8D','10.30.0.101',0,3),(164,'E48D8CDB5A80','5H2qsd3TRR4N','5H2qsd3TRR4N','579A05333DEA','E4:8D:8C:DB:5A:80','E4:8D:8C:DB:5A:81','10.30.0.102',0,3),(165,'E48D8C625152','X8P1Qs6pJjA9','X8P1Qs6pJjA9','579A05F79B49','E4:8D:8C:62:51:52','E4:8D:8C:62:51:53','10.30.0.103',0,3),(166,'E48D8C631C28','4G5NXQNmIvML','4G5NXQNmIvML','579A0563F993','E4:8D:8C:63:1C:28','E4:8D:8C:63:1C:29','10.30.0.104',0,3),(167,'E48D8C631C90','mJFqfIkiyt34','mJFqfIkiyt34','579A05B085E9','E4:8D:8C:63:1C:90','E4:8D:8C:63:1C:91','10.30.0.105',0,3),(168,'E48D8C631CCC','tqNz64mEFwZm','tqNz64mEFwZm','579A05D93BD4','E4:8D:8C:63:1C:CC','E4:8D:8C:63:1C:CD','10.30.0.106',0,3),(169,'E48D8C631CE0','d7P5PxN1JyWq','d7P5PxN1JyWq','579A058C60F1','E4:8D:8C:63:1C:E0','E4:8D:8C:63:1C:E1','10.30.0.107',0,3),(170,'E48D8C5647D4','x2qFb5usHVNm','x2qFb5usHVNm','579A052A4666','E4:8D:8C:56:47:D4','E4:8D:8C:56:47:D5','10.30.0.108',0,3),(171,'E48D8C592206','qkUVgOqRL8FV','qkUVgOqRL8FV','579A05532F1B','E4:8D:8C:59:22:06','E4:8D:8C:59:22:07','10.30.0.109',0,3),(172,'E48D8C5921D2','8nsNYrdmw7F2','8nsNYrdmw7F2','579A055BA908','E4:8D:8C:59:21:D2','E4:8D:8C:59:21:D3','10.30.0.110',0,3),(173,'E48D8C62512E','oYYjW7IYQYt0','oYYjW7IYQYt0','579A054C66C9','E4:8D:8C:62:51:2E','E4:8D:8C:62:51:2F','10.30.0.111',0,3),(174,'E48D8C6250B2','QGYGmXw3SqZM','QGYGmXw3SqZM','579A05D64C94','E4:8D:8C:62:50:B2','E4:8D:8C:62:50:B3','10.30.0.112',0,3),(175,'E48D8CDB5A7A','kUnOcO9DPuCu','kUnOcO9DPuCu','579A050642D0','E4:8D:8C:DB:5A:7A','E4:8D:8C:DB:5A:7B','10.30.0.113',0,3),(176,'E48D8C631C6A','NIkplJrQlZB5','NIkplJrQlZB5','579A0585FAD3','E4:8D:8C:63:1C:6A','E4:8D:8C:63:1C:6B','10.30.0.114',0,3),(177,'E48D8C6250DC','v7A6prQAUNGI','v7A6prQAUNGI','579A056514F1','E4:8D:8C:62:50:DC','E4:8D:8C:62:50:DD','10.30.0.115',0,3),(178,'E48D8C6250B6','ze1v8oeCODyN','ze1v8oeCODyN','579A051544E3','E4:8D:8C:62:50:B6','E4:8D:8C:62:50:B7','10.30.0.116',0,3),(179,'E48D8C631CC6','DfuRhpc6Zci8','DfuRhpc6Zci8','579A051DAF00','E4:8D:8C:63:1C:C6','E4:8D:8C:63:1C:C7','10.30.0.117',0,3),(180,'E48D8C592260','MuiigA8UxRYr','MuiigA8UxRYr','579A05A46791','E4:8D:8C:59:22:60','E4:8D:8C:59:22:61','10.30.0.118',0,3),(181,'E48D8C631CEA','Xu62bPj6woQp','Xu62bPj6woQp','579A0548F425','E4:8D:8C:63:1C:EA','E4:8D:8C:63:1C:EB','10.30.0.119',0,3),(182,'E48D8C631C54','2Az5vKv52JOb','2Az5vKv52JOb','579A05D80413','E4:8D:8C:63:1C:54','E4:8D:8C:63:1C:55','10.30.0.120',0,3),(183,'6C3B6B693308','EJSdLTojMrKF','EJSdLTojMrKF','698C0670AE31','6C:3B:6B:69:33:08','6C:3B:6B:69:33:09','10.30.0.121',0,3),(184,'ACSURVEY','ReDE86AqP8PqnCfP','ReDE86AqP8PqnCfP','0',NULL,NULL,NULL,0,3);
/*!40000 ALTER TABLE `EAPSUBSCRIBERS` ENABLE KEYS */;
UNLOCK TABLES;

--
-- Table structure for table `EAPSUBSCRIBERS_OLD`
--

DROP TABLE IF EXISTS `EAPSUBSCRIBERS_OLD`;
/*!40101 SET @saved_cs_client     = @@character_set_client */;
/*!40101 SET character_set_client = utf8 */;
CREATE TABLE `EAPSUBSCRIBERS_OLD` (
  `USERNAME` char(50) NOT NULL,
  `PASSWORD` char(100) DEFAULT NULL,
  `ENCRYPTEDPASSWORD` char(100) DEFAULT NULL,
  `MACADDRESS` char(20) DEFAULT NULL,
  PRIMARY KEY (`USERNAME`),
  UNIQUE KEY `USERNAME_I` (`USERNAME`)
) ENGINE=InnoDB DEFAULT CHARSET=latin1;
/*!40101 SET character_set_client = @saved_cs_client */;

--
-- Dumping data for table `EAPSUBSCRIBERS_OLD`
--

LOCK TABLES `EAPSUBSCRIBERS_OLD` WRITE;
/*!40000 ALTER TABLE `EAPSUBSCRIBERS_OLD` DISABLE KEYS */;
INSERT INTO `EAPSUBSCRIBERS_OLD` VALUES ('E48D8C261452','2DHPSvOomNEK','2DHPSvOomNEK',NULL),('E48D8C261454','uXk1nkwOxYtP','uXk1nkwOxYtP',NULL),('E48D8C261456','nUNhPOGeoIpi','nUNhPOGeoIpi',NULL),('E48D8C26145C','xdg2uQdzNY4v','xdg2uQdzNY4v',NULL),('E48D8C26145E','KPKiBwZo4kMi','KPKiBwZo4kMi',NULL),('E48D8C261464','YwYuCgvE7xWm','YwYuCgvE7xWm',NULL),('E48D8C261466','lNyQBXpPcShx','lNyQBXpPcShx',NULL),('E48D8C261468','6y4pg1QpbyTp','6y4pg1QpbyTp',NULL),('E48D8C26146A','BmDftjEx1ugf','BmDftjEx1ugf',NULL),('E48D8C261476','PWRJRDWE6PtC','PWRJRDWE6PtC',NULL),('E48D8C26147C','JvXJgJlBrHky','JvXJgJlBrHky',NULL),('E48D8C261480','WQvgLnJPNWPW','WQvgLnJPNWPW',NULL),('E48D8C261482','FhMZxTh29UYF','FhMZxTh29UYF',NULL),('E48D8C26148A','ipmzvzalFOTQ','ipmzvzalFOTQ',NULL),('E48D8C26148C','fbeeKnogXqoz','fbeeKnogXqoz',NULL),('E48D8C26148E','eXxpLGnJ4Tck','eXxpLGnJ4Tck',NULL),('E48D8C261490','segzSySyXBK2','segzSySyXBK2',NULL),('E48D8C261492','05O00ZrvYn0X','05O00ZrvYn0X',NULL),('E48D8C2614A8','V3zL3B1scYgM','V3zL3B1scYgM',NULL),('E48D8C2614AA','8ZaHi8eSX7gZ','8ZaHi8eSX7gZ',NULL),('E48D8C27174C','gqElR16saxEv','gqElR16saxEv',NULL),('E48D8C271750','MVB0mfCzqQZR','MVB0mfCzqQZR',NULL),('E48D8C27175C','dAPmTfhVRnIn','dAPmTfhVRnIn',NULL),('E48D8C271762','7CeuGoOqF5Bb','7CeuGoOqF5Bb',NULL),('E48D8C271764','EuiHNIMLqZrd','EuiHNIMLqZrd',NULL),('E48D8C271766','OKUu7AOgPq0N','OKUu7AOgPq0N',NULL),('E48D8C271778','I4axWy1Vb1Ul','I4axWy1Vb1Ul',NULL),('E48D8C27177A','R2dUnVnB0O7U','R2dUnVnB0O7U',NULL),('E48D8C27177C','EXuZN3tFjlYv','EXuZN3tFjlYv',NULL),('E48D8C27177E','TuxGLKjcCPEL','TuxGLKjcCPEL',NULL),('E48D8C271780','dhiMJzBVs79t','dhiMJzBVs79t',NULL),('E48D8C27178A','oLyntmWJppK3','oLyntmWJppK3',NULL),('E48D8C27178C','PHfqtaR5nDme','PHfqtaR5nDme',NULL),('E48D8C271790','Y2MABHFN4a9b','Y2MABHFN4a9b',NULL),('E48D8C271792','t2fzDNAqnxzf','t2fzDNAqnxzf',NULL),('E48D8C271794','6nLM8nLZat4j','6nLM8nLZat4j',NULL),('E48D8C271798','nSP88vmzp93w','nSP88vmzp93w',NULL),('E48D8C2717B0','R3VQpEx7lePJ','R3VQpEx7lePJ',NULL),('E48D8C2717B4','avrUQMBwSnNi','avrUQMBwSnNi',NULL),('E48D8C2717B8','kTcJbgDKohSj','kTcJbgDKohSj',NULL),('E48D8C2D78B1','T57WQIDGmrNx','T57WQIDGmrNx',NULL),('E48D8C2D78B3','joF3gC6XWjtR','joF3gC6XWjtR',NULL),('E48D8C2D78B5','R7JWMB6ocNtr','R7JWMB6ocNtr',NULL),('E48D8C2D78DD','YQwQEGMszWsS','YQwQEGMszWsS',NULL),('E48D8C2D78DF','ugS4gcNQwXSv','ugS4gcNQwXSv',NULL),('E48D8C2D78E1','RNTW4W71ruWx','RNTW4W71ruWx',NULL),('E48D8C2D78E3','DMJXO38j0uDy','DMJXO38j0uDy',NULL),('E48D8C2DED6E','paHkWnMXj8Tg','paHkWnMXj8Tg',NULL),('E48D8C2DED70','vsRzLf1K043V','vsRzLf1K043V',NULL),('E48D8C2DED72','NJdc4xM7SQ59','NJdc4xM7SQ59',NULL),('E48D8C2DED74','WYgMmGl0l1VZ','WYgMmGl0l1VZ',NULL),('E48D8C2DED8C','2BA2p5Hgv3m9','2BA2p5Hgv3m9',NULL),('E48D8C2DED90','HrdB63O2gV5e','HrdB63O2gV5e',NULL),('E48D8C2DED92','R8TYrZsZ3Kju','R8TYrZsZ3Kju',NULL),('E48D8C2DED94','v6fcuLn4psXX','v6fcuLn4psXX',NULL),('E48D8C2DED96','eaGpgMszUhSO','eaGpgMszUhSO',NULL),('E48D8C2DED98','ZLgG2ZG1VYMt','ZLgG2ZG1VYMt',NULL),('E48D8C2DED9A','2AZDoKPk3Hui','2AZDoKPk3Hui',NULL);
/*!40000 ALTER TABLE `EAPSUBSCRIBERS_OLD` ENABLE KEYS */;
UNLOCK TABLES;

--
-- Table structure for table `EAPSUBSCRIBERS_OLD2`
--

DROP TABLE IF EXISTS `EAPSUBSCRIBERS_OLD2`;
/*!40101 SET @saved_cs_client     = @@character_set_client */;
/*!40101 SET character_set_client = utf8 */;
CREATE TABLE `EAPSUBSCRIBERS_OLD2` (
  `USERNAME` char(50) NOT NULL,
  `PASSWORD` char(100) DEFAULT NULL,
  `ENCRYPTEDPASSWORD` char(100) DEFAULT NULL,
  `MACADDRESS` char(20) DEFAULT NULL,
  `MAINLOCID` int(11) DEFAULT '0',
  `BACKUPLOCID` int(11) DEFAULT '0',
  `DEVICENAME` varchar(16) DEFAULT NULL,
  PRIMARY KEY (`USERNAME`),
  UNIQUE KEY `USERNAME_I` (`USERNAME`)
) ENGINE=InnoDB DEFAULT CHARSET=latin1 ROW_FORMAT=COMPACT;
/*!40101 SET character_set_client = @saved_cs_client */;

--
-- Dumping data for table `EAPSUBSCRIBERS_OLD2`
--

LOCK TABLES `EAPSUBSCRIBERS_OLD2` WRITE;
/*!40000 ALTER TABLE `EAPSUBSCRIBERS_OLD2` DISABLE KEYS */;
INSERT INTO `EAPSUBSCRIBERS_OLD2` VALUES ('6618065A0CE6','89WvFn2PZkID','89WvFn2PZkID',NULL,0,0,NULL),('68725140B9E4','2DHHRmZEFUvD','2DHHRmZEFUvD',NULL,0,0,NULL),('E48D8C261452','2DHPSvOomNEK','2DHPSvOomNEK',NULL,0,0,NULL),('E48D8C261454','uXk1nkwOxYtP','uXk1nkwOxYtP',NULL,0,0,NULL),('E48D8C261456','nUNhPOGeoIpi','nUNhPOGeoIpi',NULL,0,0,NULL),('E48D8C26145C','xdg2uQdzNY4v','xdg2uQdzNY4v',NULL,0,0,NULL),('E48D8C26145E','KPKiBwZo4kMi','KPKiBwZo4kMi',NULL,0,0,NULL),('E48D8C261464','YwYuCgvE7xWm','YwYuCgvE7xWm',NULL,0,0,NULL),('E48D8C261466','lNyQBXpPcShx','lNyQBXpPcShx',NULL,0,0,NULL),('E48D8C261468','6y4pg1QpbyTp','6y4pg1QpbyTp',NULL,0,0,NULL),('E48D8C26146A','BmDftjEx1ugf','BmDftjEx1ugf',NULL,0,0,NULL),('E48D8C261476','PWRJRDWE6PtC','PWRJRDWE6PtC',NULL,0,0,NULL),('E48D8C26147C','JvXJgJlBrHky','JvXJgJlBrHky',NULL,0,0,NULL),('E48D8C261480','WQvgLnJPNWPW','WQvgLnJPNWPW',NULL,0,0,NULL),('E48D8C261482','FhMZxTh29UYF','FhMZxTh29UYF',NULL,0,0,NULL),('E48D8C26148A','ipmzvzalFOTQ','ipmzvzalFOTQ',NULL,0,0,NULL),('E48D8C26148C','fbeeKnogXqoz','fbeeKnogXqoz',NULL,0,0,NULL),('E48D8C26148E','eXxpLGnJ4Tck','eXxpLGnJ4Tck',NULL,0,0,NULL),('E48D8C261490','segzSySyXBK2','segzSySyXBK2',NULL,0,0,NULL),('E48D8C261492','05O00ZrvYn0X','05O00ZrvYn0X',NULL,0,0,NULL),('E48D8C2614A8','V3zL3B1scYgM','V3zL3B1scYgM',NULL,0,0,NULL),('E48D8C2614AA','8ZaHi8eSX7gZ','8ZaHi8eSX7gZ',NULL,0,0,NULL),('E48D8C27174C','gqElR16saxEv','gqElR16saxEv',NULL,0,0,NULL),('E48D8C271750','MVB0mfCzqQZR','MVB0mfCzqQZR',NULL,0,0,NULL),('E48D8C27175C','dAPmTfhVRnIn','dAPmTfhVRnIn',NULL,0,0,NULL),('E48D8C271762','7CeuGoOqF5Bb','7CeuGoOqF5Bb',NULL,0,0,NULL),('E48D8C271764','EuiHNIMLqZrd','EuiHNIMLqZrd',NULL,0,0,NULL),('E48D8C271766','OKUu7AOgPq0N','OKUu7AOgPq0N',NULL,0,0,NULL),('E48D8C271778','I4axWy1Vb1Ul','I4axWy1Vb1Ul',NULL,0,0,NULL),('E48D8C27177A','R2dUnVnB0O7U','R2dUnVnB0O7U',NULL,0,0,NULL),('E48D8C27177C','EXuZN3tFjlYv','EXuZN3tFjlYv',NULL,0,0,NULL),('E48D8C27177E','TuxGLKjcCPEL','TuxGLKjcCPEL',NULL,0,0,NULL),('E48D8C271780','dhiMJzBVs79t','dhiMJzBVs79t',NULL,0,0,NULL),('E48D8C27178A','oLyntmWJppK3','oLyntmWJppK3',NULL,0,0,NULL),('E48D8C27178C','PHfqtaR5nDme','PHfqtaR5nDme',NULL,0,0,NULL),('E48D8C271790','Y2MABHFN4a9b','Y2MABHFN4a9b',NULL,0,0,NULL),('E48D8C271792','t2fzDNAqnxzf','t2fzDNAqnxzf',NULL,0,0,NULL),('E48D8C271794','6nLM8nLZat4j','6nLM8nLZat4j',NULL,0,0,NULL),('E48D8C271798','nSP88vmzp93w','nSP88vmzp93w',NULL,0,0,NULL),('E48D8C2717B0','R3VQpEx7lePJ','R3VQpEx7lePJ',NULL,0,0,NULL),('E48D8C2717B4','avrUQMBwSnNi','avrUQMBwSnNi',NULL,0,0,NULL),('E48D8C2717B8','kTcJbgDKohSj','kTcJbgDKohSj',NULL,0,0,NULL),('E48D8C2D78B1','T57WQIDGmrNx','T57WQIDGmrNx',NULL,0,0,NULL),('E48D8C2D78B3','joF3gC6XWjtR','joF3gC6XWjtR',NULL,0,0,NULL),('E48D8C2D78B5','R7JWMB6ocNtr','R7JWMB6ocNtr',NULL,0,0,NULL),('E48D8C2D78DD','YQwQEGMszWsS','YQwQEGMszWsS',NULL,0,0,NULL),('E48D8C2D78DF','ugS4gcNQwXSv','ugS4gcNQwXSv',NULL,0,0,NULL),('E48D8C2D78E1','RNTW4W71ruWx','RNTW4W71ruWx',NULL,0,0,NULL),('E48D8C2D78E3','DMJXO38j0uDy','DMJXO38j0uDy',NULL,0,0,NULL),('E48D8C2DED6E','paHkWnMXj8Tg','paHkWnMXj8Tg',NULL,0,0,NULL),('E48D8C2DED70','vsRzLf1K043V','vsRzLf1K043V',NULL,0,0,NULL),('E48D8C2DED72','NJdc4xM7SQ59','NJdc4xM7SQ59',NULL,0,0,NULL),('E48D8C2DED74','WYgMmGl0l1VZ','WYgMmGl0l1VZ',NULL,0,0,NULL),('E48D8C2DED8C','2BA2p5Hgv3m9','2BA2p5Hgv3m9',NULL,0,0,NULL),('E48D8C2DED90','HrdB63O2gV5e','HrdB63O2gV5e',NULL,0,0,NULL),('E48D8C2DED92','R8TYrZsZ3Kju','R8TYrZsZ3Kju',NULL,0,0,NULL),('E48D8C2DED94','v6fcuLn4psXX','v6fcuLn4psXX',NULL,0,0,NULL),('E48D8C2DED96','eaGpgMszUhSO','eaGpgMszUhSO',NULL,0,0,NULL),('E48D8C2DED98','ZLgG2ZG1VYMt','ZLgG2ZG1VYMt',NULL,0,0,NULL),('E48D8C2DED9A','2AZDoKPk3Hui','2AZDoKPk3Hui',NULL,0,0,NULL);
/*!40000 ALTER TABLE `EAPSUBSCRIBERS_OLD2` ENABLE KEYS */;
UNLOCK TABLES;

--
-- Table structure for table `IPADDRESSES`
--

DROP TABLE IF EXISTS `IPADDRESSES`;
/*!40101 SET @saved_cs_client     = @@character_set_client */;
/*!40101 SET character_set_client = utf8 */;
CREATE TABLE `IPADDRESSES` (
  `ID` int(11) NOT NULL AUTO_INCREMENT,
  `IPADDRESS` varchar(30) NOT NULL,
  `USED` int(11) DEFAULT '0',
  PRIMARY KEY (`ID`)
) ENGINE=InnoDB AUTO_INCREMENT=43 DEFAULT CHARSET=utf8 ROW_FORMAT=COMPACT;
/*!40101 SET character_set_client = @saved_cs_client */;

--
-- Dumping data for table `IPADDRESSES`
--

LOCK TABLES `IPADDRESSES` WRITE;
/*!40000 ALTER TABLE `IPADDRESSES` DISABLE KEYS */;
INSERT INTO `IPADDRESSES` VALUES (1,'172.16.254.89',1),(2,'172.16.254.90',1),(3,'172.16.254.91',1),(4,'172.16.254.92',1),(5,'172.16.254.93',1),(6,'172.16.254.94',1),(7,'172.16.254.95',1),(8,'172.16.254.96',1),(9,'172.16.254.97',1),(10,'172.16.254.98',1),(11,'172.16.254.99',1),(12,'172.16.254.100',1),(13,'172.16.254.101',1),(14,'172.16.254.102',1),(15,'172.16.254.103',1),(16,'172.16.254.104',1),(17,'172.16.254.105',1),(18,'172.16.254.106',1),(19,'172.16.254.107',1),(20,'172.16.254.108',1),(21,'172.16.254.109',1),(22,'172.16.254.110',1),(23,'172.16.254.111',1),(24,'172.16.254.112',1),(25,'172.16.254.113',1),(26,'172.16.254.114',1),(27,'172.16.254.115',0),(28,'172.16.254.116',0),(29,'172.16.254.117',0),(30,'172.16.254.118',0),(31,'172.16.254.119',0),(32,'172.16.254.120',0),(33,'172.16.254.121',0),(34,'172.16.254.122',0),(35,'172.16.254.123',0),(36,'172.16.254.124',0),(37,'172.16.254.125',0),(38,'172.16.254.126',0),(39,'172.16.254.127',0),(40,'172.16.254.128',0),(41,'172.16.254.129',0),(42,'172.16.254.130',0);
/*!40000 ALTER TABLE `IPADDRESSES` ENABLE KEYS */;
UNLOCK TABLES;

--
-- Table structure for table `LAST_ID`
--

DROP TABLE IF EXISTS `LAST_ID`;
/*!40101 SET @saved_cs_client     = @@character_set_client */;
/*!40101 SET character_set_client = utf8 */;
CREATE TABLE `LAST_ID` (
  `USERNAME` varchar(30) NOT NULL,
  `ID` int(11) DEFAULT '0',
  PRIMARY KEY (`USERNAME`),
  UNIQUE KEY `USERNAME` (`USERNAME`) USING BTREE
) ENGINE=InnoDB DEFAULT CHARSET=utf8;
/*!40101 SET character_set_client = @saved_cs_client */;

--
-- Dumping data for table `LAST_ID`
--

LOCK TABLES `LAST_ID` WRITE;
/*!40000 ALTER TABLE `LAST_ID` DISABLE KEYS */;
INSERT INTO `LAST_ID` VALUES ('66160707DE9B',11),('7CCB0777D5ED',38);
/*!40000 ALTER TABLE `LAST_ID` ENABLE KEYS */;
UNLOCK TABLES;

--
-- Table structure for table `LOCATIONS`
--

DROP TABLE IF EXISTS `LOCATIONS`;
/*!40101 SET @saved_cs_client     = @@character_set_client */;
/*!40101 SET character_set_client = utf8 */;
CREATE TABLE `LOCATIONS` (
  `ID` int(11) NOT NULL,
  `NAME` varchar(30) DEFAULT NULL,
  PRIMARY KEY (`ID`)
) ENGINE=InnoDB DEFAULT CHARSET=utf8 ROW_FORMAT=COMPACT;
/*!40101 SET character_set_client = @saved_cs_client */;

--
-- Dumping data for table `LOCATIONS`
--

LOCK TABLES `LOCATIONS` WRITE;
/*!40000 ALTER TABLE `LOCATIONS` DISABLE KEYS */;
INSERT INTO `LOCATIONS` VALUES (1,'Ngummo'),(2,'KAM'),(3,'MOI'),(4,'EBB'),(5,'TPI'),(6,'HNP'),(7,'SWT');
/*!40000 ALTER TABLE `LOCATIONS` ENABLE KEYS */;
UNLOCK TABLES;

--
-- Table structure for table `MACSUBSCRIBERS`
--

DROP TABLE IF EXISTS `MACSUBSCRIBERS`;
/*!40101 SET @saved_cs_client     = @@character_set_client */;
/*!40101 SET character_set_client = utf8 */;
CREATE TABLE `MACSUBSCRIBERS` (
  `USERNAME` char(50) NOT NULL,
  `PASSWORD` char(100) DEFAULT NULL,
  `TIMELIMIT` double(11,0) NOT NULL DEFAULT '0',
  `RATELIMIT` varchar(50) DEFAULT '64k/64k 256k/256k 128k/128k 10/10',
  `UID` int(11) DEFAULT NULL,
  `ENABLED` int(11) DEFAULT '0',
  PRIMARY KEY (`USERNAME`),
  UNIQUE KEY `USERNAME_I` (`USERNAME`)
) ENGINE=InnoDB DEFAULT CHARSET=latin1;
/*!40101 SET character_set_client = @saved_cs_client */;

--
-- Dumping data for table `MACSUBSCRIBERS`
--

LOCK TABLES `MACSUBSCRIBERS` WRITE;
/*!40000 ALTER TABLE `MACSUBSCRIBERS` DISABLE KEYS */;
INSERT INTO `MACSUBSCRIBERS` VALUES ('00-27-15-3B-EA-6E','00:27:15:3B:EA:6E',0,'1M/1M',511,0),('00-2C-DE-AA-AA-AA','00:2C:DE:AA:AA:AA',1537615251,'3M/3M',634,1),('00-2C-DE-AD-BE-AA','00:2C:DE:AD:BE:AA',1535454959,'1M/1M',677,1),('00-2C-DE-AD-BE-EF','00:2C:DE:AD:BE:EF',1537608587,'1M/1M',631,1),('00-2C-DE-AD-BE-FD','00:2C:DE:AD:BE:FD',1537610198,'1M/1M',633,1),('00-2C-DE-AD-BE-FF','00:2C:DE:AD:BE:FF',1537610136,'1M/1M',632,1),('14-89-FD-BB-C5-A9','14:89:FD:BB:C5:A9',0,'1M/1M',463,0),('18-65-90-17-0A-E8','18:65:90:17:0A:E8',0,'1M/1M',460,0),('40-40-A7-96-C7-59','40:40:A7:96:C7:59',0,'1M/1M',523,0),('54-27-58-31-89-46','54:27:58:31:89:46',1538342058,'1M/1M',335,0),('60-83-34-D2-0A-AF','60:83:34:D2:0A:AF',0,'1M/1M',528,0),('6C-3B-6B-D0-46-6C','6C:3B:6B:D0:46:6C',1535174045,'1M/1M',638,1),('74-DF-BF-DB-72-8D','74:DF:BF:DB:72:8D',0,'1M/1M',184,1),('74-DF-BF-DB-75-97','74:DF:BF:DB:75:97',1538342058,'1M/1M',335,1),('78-7D-48-03-47-DE','78:7D:48:03:47:DE',0,'1M/1M',525,0),('80-19-67-1A-9B-D5','80:19:67:1A:9B:D5',0,'1M/1M',533,1),('80-19-67-B2-56-EC','80:19:67:B2:56:EC',1538342058,'1M/1M',246,0),('BC-44-34-B5-26-DD','BC:44:34:B5:26:DD',1539235086,'1M/1M',512,0),('BC-B3-08-BD-37-4A','BC:B3:08:BD:37:4A',0,'1M/1M',515,1),('C8-A8-23-6E-26-DA','C8:A8:23:6E:26:DA',0,'1M/1M',460,1),('D4-7D-FC-1D-6D-C6','D4:7D:FC:1D:6D:C6',0,'1M/1M',501,0),('E4-12-1D-43-C0-68','E4:12:1D:43:C0:68',1539233679,'1M/1M',507,0),('F0-F6-1C-2D-65-C0','F0:F6:1C:2D:65:C0',0,'1M/1M',478,0),('F4-0F-24-3B-CA-0F','F4:0F:24:3B:CA:0F',0,'1M/1M',499,0),('FC-45-96-14-77-14','FC:45:96:14:77:14',0,'1M/1M',460,0);
/*!40000 ALTER TABLE `MACSUBSCRIBERS` ENABLE KEYS */;
UNLOCK TABLES;

--
-- Table structure for table `NAS`
--

DROP TABLE IF EXISTS `NAS`;
/*!40101 SET @saved_cs_client     = @@character_set_client */;
/*!40101 SET character_set_client = utf8 */;
CREATE TABLE `NAS` (
  `NASID` varchar(8) NOT NULL,
  `MACADDRESS` varchar(16) DEFAULT NULL,
  `LOCATIONID` int(11) DEFAULT NULL,
  `ENABLED` int(11) DEFAULT NULL,
  PRIMARY KEY (`NASID`)
) ENGINE=InnoDB DEFAULT CHARSET=utf8 ROW_FORMAT=COMPACT;
/*!40101 SET character_set_client = @saved_cs_client */;

--
-- Dumping data for table `NAS`
--

LOCK TABLES `NAS` WRITE;
/*!40000 ALTER TABLE `NAS` DISABLE KEYS */;
INSERT INTO `NAS` VALUES ('NS0001','44-D9-E7-66-E2-4',2,1),('NS0002','44-D9-E7-66-DB-9',2,1),('NS0003','44-D9-E7-66-DD-E',2,1),('NS0004','44-D9-E7-72-E7-2',2,1),('NS0005','44-D9-E7-66-DC-3',2,1),('NS0006','44-D9-E7-66-E2-D',2,1),('NS0007','44-D9-E7-66-E2-4',3,1),('NS0008','44-D9-E7-72-E8-5',3,1),('NS0009','44-D9-E7-72-E8-D',3,1),('NS0010','44-D9-E7-72-E8-3',5,1),('NS0011','44-D9-E7-66-E8-7',5,1),('NS0012','44-D9-E7-66-E2-1',5,1),('NS0013','44-D9-E7-66-E2-F',4,1),('NS0014','44-D9-E7-72-E8-2',4,1),('NS0015','44-D9-E7-66-E7-6',4,1),('NS0016','44-D9-E7-66-E1-A',4,1),('NS0017','44-D9-E7-66-DC-3',4,1),('NS0018','44-D9-E7-66-E6-B',4,1),('NS0019','44-D9-E7-66-DC-4',4,1),('NS0020','44-D9-E7-66-E2-9',4,1),('NS0021','44-D9-E7-66-DB-4',6,1),('NS0022',NULL,6,1),('NS0023','44-D9-E7-72-E8-D',6,1),('NS0024',NULL,7,1),('NS0025',NULL,7,1),('NS0026',NULL,7,1);
/*!40000 ALTER TABLE `NAS` ENABLE KEYS */;
UNLOCK TABLES;

--
-- Table structure for table `NETWORKS`
--

DROP TABLE IF EXISTS `NETWORKS`;
/*!40101 SET @saved_cs_client     = @@character_set_client */;
/*!40101 SET character_set_client = utf8 */;
CREATE TABLE `NETWORKS` (
  `ID` int(11) NOT NULL AUTO_INCREMENT,
  `NAME` varchar(80) DEFAULT NULL,
  `GATEWAY` varchar(16) DEFAULT NULL,
  `NETMASK` int(11) DEFAULT '22',
  `PTP_START` varchar(16) DEFAULT NULL,
  `PTP_ACTUAL` varchar(16) DEFAULT NULL,
  `PTP_COUNT` int(11) DEFAULT NULL,
  `PTMP_START` varchar(16) DEFAULT NULL,
  `PTMP_ACTUAL` varchar(16) DEFAULT NULL,
  `PTMP_COUNT` int(11) DEFAULT NULL,
  `AP_START` varchar(16) DEFAULT NULL,
  `AP_ACTUAL` varchar(16) DEFAULT NULL,
  `AP_COUNT` int(11) DEFAULT NULL,
  `CLIENT_START` varchar(16) DEFAULT NULL,
  `CLIENT_ACTUAL` varchar(16) DEFAULT NULL,
  `CLIENT_COUNT` int(11) DEFAULT NULL,
  `ENABLED` int(11) DEFAULT '0',
  PRIMARY KEY (`ID`)
) ENGINE=InnoDB AUTO_INCREMENT=4 DEFAULT CHARSET=latin1;
/*!40101 SET character_set_client = @saved_cs_client */;

--
-- Dumping data for table `NETWORKS`
--

LOCK TABLES `NETWORKS` WRITE;
/*!40000 ALTER TABLE `NETWORKS` DISABLE KEYS */;
INSERT INTO `NETWORKS` VALUES (1,'Kibera','172.16.0.1',16,'172.16.255.60','172.16.255.69',20,'172.16.255.80','172.16.255.106',50,'172.16.254.1','172.16.254.200',253,'172.16.200.1','172.16.200.176',5000,1),(2,'Kawangware','172.17.0.1',22,'172.17.0.10','172.17.0.10',40,'172.17.0.50','172.17.0.59',50,'172.17.0.100','172.17.0.122',155,'172.17.1.1','172.17.1.67',762,1),(3,'BCN Lab','10.30.0.1',24,'10.30.0.2','10.30.0.5',10,'10.30.0.20','10.30.0.20',10,'10.30.0.40','10.30.0.40',10,'10.30.0.100','10.30.0.122',100,1);
/*!40000 ALTER TABLE `NETWORKS` ENABLE KEYS */;
UNLOCK TABLES;

--
-- Table structure for table `RADACCOUNTING`
--

DROP TABLE IF EXISTS `RADACCOUNTING`;
/*!40101 SET @saved_cs_client     = @@character_set_client */;
/*!40101 SET character_set_client = utf8 */;
CREATE TABLE `RADACCOUNTING` (
  `id` int(11) NOT NULL AUTO_INCREMENT,
  `USERNAME` char(50) NOT NULL,
  `TIME_STAMP` int(11) DEFAULT NULL,
  `UPDATETIME` int(11) DEFAULT '0',
  `STOPTIME` int(11) DEFAULT NULL,
  `ACCTSTATUSTYPE` char(10) DEFAULT NULL,
  `ACCTDELAYTIME` int(11) DEFAULT NULL,
  `ACCTINPUTOCTETS` int(11) NOT NULL DEFAULT '0',
  `ACCTOUTPUTOCTETS` int(11) NOT NULL DEFAULT '0',
  `ACCTSESSIONID` char(70) DEFAULT NULL,
  `ACCTSESSIONTIME` int(11) DEFAULT '0',
  `ACCTTERMINATECAUSE` varchar(50) DEFAULT NULL,
  `NASIDENTIFIER` char(50) DEFAULT NULL,
  `NASPORT` int(11) DEFAULT NULL,
  `FRAMEDIPADDRESS` char(22) DEFAULT NULL,
  `MACADDRESS` varchar(22) DEFAULT NULL,
  `NASPORTID` varchar(30) DEFAULT NULL,
  `CALLEDSTATIONID` varchar(30) DEFAULT NULL,
  `NASIPADDRESS` varchar(30) DEFAULT NULL,
  `NASPORTTYPE` varchar(50) DEFAULT NULL,
  PRIMARY KEY (`id`),
  KEY `ACCOUNTING_I` (`USERNAME`)
) ENGINE=InnoDB AUTO_INCREMENT=653 DEFAULT CHARSET=latin1;
/*!40101 SET character_set_client = @saved_cs_client */;

--
-- Dumping data for table `RADACCOUNTING`
--

LOCK TABLES `RADACCOUNTING` WRITE;
/*!40000 ALTER TABLE `RADACCOUNTING` DISABLE KEYS */;
INSERT INTO `RADACCOUNTING` VALUES (500,'00-92-C0-21-AD-9E',1489508254,1489508493,1489508507,'Stopped',0,66011,61093,'8030000a',254,'Lost-Service','MikroTik',2147483647,'10.77.255.251','00:92:C0:21:AD:9E','wlan1','hotspot1','192.168.0.107','Wireless-IEEE-802-11'),(501,'00-92-C0-21-AD-9E',1489508635,1489511571,1489511619,'Stopped',0,239689,228644,'8030000b',2984,'Lost-Carrier','MikroTik',2147483647,'10.77.255.251','00:92:C0:21:AD:9E','wlan1','hotspot1','192.168.0.107','Wireless-IEEE-802-11'),(502,'00-92-C0-21-AD-9E',1489511868,1489512108,1489512122,'Stopped',0,54504,44974,'8030000d',254,'Session-Timeout','MikroTik',2147483647,'10.77.255.251','00:92:C0:21:AD:9E','wlan1','hotspot1','192.168.0.107','Wireless-IEEE-802-11'),(503,'00-92-C0-21-AD-9E',1489512343,1489512584,1489512615,'Stopped',0,31843,27012,'8030000f',272,'Session-Timeout','MikroTik',2147483647,'10.77.255.251','00:92:C0:21:AD:9E','wlan1','hotspot1','192.168.0.107','Wireless-IEEE-802-11'),(504,'00-92-C0-21-AD-9E',1489512721,0,1489512767,'Stopped',0,20148,13109,'80300011',46,'Session-Timeout','MikroTik',2147483647,'10.77.255.251','00:92:C0:21:AD:9E','wlan1','hotspot1','192.168.0.107','Wireless-IEEE-802-11'),(505,'70-28-8B-3A-02-21',1489575212,1489575212,1489575212,'Stopped',0,21285,19269,'80800004',981,'Stale-Session','MikroTik',2147483647,'10.77.255.253','70:28:8B:3A:02:21','wlan1','hotspot1','10.0.0.34','Wireless-IEEE-802-11'),(506,'70-28-8B-3A-02-21',1489576219,1489576219,1489576219,'Stopped',0,37843,20573,'80800005',2379,'Stale-Session','MikroTik',2147483647,'10.77.255.253','70:28:8B:3A:02:21','wlan1','hotspot1','10.0.0.34','Wireless-IEEE-802-11'),(507,'70-28-8B-3A-02-21',1489578621,1489578621,1489578621,'Stopped',0,2358,2512,'80800006',11,'Stale-Session','MikroTik',2147483647,'10.77.255.253','70:28:8B:3A:02:21','wlan1','hotspot1','10.0.0.34','Wireless-IEEE-802-11'),(508,'70-28-8B-3A-02-21',1489578635,1489578635,1489578635,'Stopped',0,508,459,'80800007',21,'Stale-Session','MikroTik',2147483647,'10.77.255.253','70:28:8B:3A:02:21','wlan1','hotspot1','10.0.0.34','Wireless-IEEE-802-11'),(509,'70-28-8B-3A-02-21',1489578666,1489578666,1489578666,'Stopped',0,47717,51983,'80800008',5142,'Stale-Session','MikroTik',2147483647,'10.77.255.253','70:28:8B:3A:02:21','wlan1','hotspot1','10.0.0.34','Wireless-IEEE-802-11'),(510,'70-28-8B-3A-02-21',1489583814,1489583814,1489583814,'Stopped',0,19435,11760,'80800009',589,'Stale-Session','TESTAC1',2147483647,'10.77.255.253','70:28:8B:3A:02:21','wlan1','hotspot1','10.0.0.34','Wireless-IEEE-802-11'),(511,'70-28-8B-3A-02-21',1489584418,1489584418,1489584418,'Stopped',0,13548,8601,'8080000a',145,'Stale-Session','TESTAC1',2147483647,'10.77.255.253','70:28:8B:3A:02:21','wlan1','hotspot1','10.0.0.34','Wireless-IEEE-802-11'),(512,'70-28-8B-3A-02-21',1489584678,1489584678,1489584678,'Stopped',0,4667,2581,'8080000c',20,'Stale-Session','TESTAC1',2147483647,'10.77.255.253','70:28:8B:3A:02:21','wlan1','hotspot1','10.0.0.34','Wireless-IEEE-802-11'),(513,'14-89-FD-BB-C5-A9',1489589000,1489589060,1489589062,'Stopped',0,6916,18166,'80300047',62,'Session-Timeout','TESTAC2',2147483647,'10.77.255.237','14:89:FD:BB:C5:A9','wlan1','hotspot1','10.0.0.99','Wireless-IEEE-802-11'),(514,'14-89-FD-BB-C5-A9',1489589209,1489589450,1489589490,'Stopped',0,77026,1258747,'8030004a',281,'Session-Timeout','TESTAC2',2147483647,'10.77.255.237','14:89:FD:BB:C5:A9','wlan1','hotspot1','10.0.0.99','Wireless-IEEE-802-11'),(515,'70-28-8B-3A-02-21',1489597667,1489597667,1489597667,'Stopped',0,20504,19204,'80800011',115,'Stale-Session','TESTAC1',2147483647,'10.77.255.253','70:28:8B:3A:02:21','wlan1','hotspot1','10.0.0.34','Wireless-IEEE-802-11'),(516,'70-28-8B-3A-02-21',1489597866,1489597866,1489597866,'Stopped',0,4863,4293,'80800013',59,'Stale-Session','TESTAC1',2147483647,'10.77.255.253','70:28:8B:3A:02:21','wlan1','hotspot1','10.0.0.34','Wireless-IEEE-802-11'),(517,'70-28-8B-3A-02-21',1489601599,1489601599,1489601599,'Stopped',0,1526,781,'8080001f',17,'Stale-Session','TESTAC1',2147483647,'10.77.255.253','70:28:8B:3A:02:21','wlan1','hotspot1','10.0.0.34','Wireless-IEEE-802-11'),(518,'70-28-8B-3A-02-21',1489601618,1489601618,1489601618,'Stopped',0,15591,13475,'80800020',143,'Stale-Session','TESTAC1',2147483647,'10.77.255.253','70:28:8B:3A:02:21','wlan1','hotspot1','10.0.0.34','Wireless-IEEE-802-11'),(519,'70-28-8B-3A-02-21',1489602421,1489602421,1489602421,'Stopped',0,443,236,'80800023',30,'Stale-Session','TESTAC1',2147483647,'10.77.255.253','70:28:8B:3A:02:21','wlan1','hotspot1','10.0.0.34','Wireless-IEEE-802-11'),(520,'70-28-8B-3A-02-21',1489602497,1489606462,1489606462,'Stopped',0,13526,7497,'80800025',226,'Stale-Session','TESTAC1',2147483647,'10.77.255.253','70:28:8B:3A:02:21','wlan1','hotspot1','10.0.0.34','Wireless-IEEE-802-11'),(521,'70-28-8B-3A-02-21',1489603095,1489603095,1489603095,'Stopped',0,5720,3644,'80800028',280,'Stale-Session','TESTAC1',2147483647,'10.77.255.253','70:28:8B:3A:02:21','wlan1','hotspot1','10.0.0.34','Wireless-IEEE-802-11'),(523,'70-28-8B-3A-02-21',1489604276,1489606462,1489606462,'Stopped',0,11488,12749,'8080002e',62,'Stale-Session','TESTAC1',2147483647,'10.77.255.253','70:28:8B:3A:02:21','wlan1','hotspot1','10.0.0.34','Wireless-IEEE-802-11'),(533,'70-28-8B-3A-02-21',1489606462,1489644612,1489644641,'Stopped',NULL,90056,102117,'8080003c',38180,'Admin-Reset','TESTAC1',2147483647,'10.77.255.253','70:28:8B:3A:02:21',NULL,'hotspot1','10.0.0.34','Wireless-IEEE-802-11'),(534,'70-28-8B-3A-02-21',1489645223,1489646782,1489646784,'Stopped',NULL,80397,49172,'8080004d',1561,'Admin-Reset','TESTAC1',2147483647,'10.77.255.253','70:28:8B:3A:02:21',NULL,'hotspot1','10.0.0.34','Wireless-IEEE-802-11'),(535,'C8-A8-23-6E-26-DA',1489655520,1489663680,1489663723,'Stopped',NULL,469809,458007,'80800082',8203,'Admin-Reset','TESTAC1',2147483647,'10.77.255.250','C8:A8:23:6E:26:DA',NULL,'hotspot1','10.0.0.34','Wireless-IEEE-802-11'),(536,'C8-A8-23-6E-26-DA',1489663727,1489664266,1489664303,'Stopped',NULL,68681,36725,'80800085',577,'Admin-Reset','TESTAC1',2147483647,'10.77.255.250','C8:A8:23:6E:26:DA',NULL,'hotspot1','10.0.0.34','Wireless-IEEE-802-11'),(537,'70-28-8B-3A-02-21',1489664304,0,1489664336,'Stopped',NULL,23594,26404,'80800086',32,'Session-Timeout','TESTAC1',2147483647,'10.77.255.253','70:28:8B:3A:02:21',NULL,'hotspot1','10.0.0.34','Wireless-IEEE-802-11'),(538,'70-28-8B-3A-02-21',1489666270,1489666870,1489666882,'Stopped',NULL,111633,138343,'8080008a',613,'Admin-Reset','TESTAC1',2147483647,'10.77.255.253','70:28:8B:3A:02:21',NULL,'hotspot1','10.0.0.34','Wireless-IEEE-802-11'),(539,'C8-A8-23-6E-26-DA',1489666599,1489667020,1489667042,'Stopped',NULL,35008,37046,'8080008b',442,'Admin-Reset','TESTAC1',2147483647,'10.77.255.250','C8:A8:23:6E:26:DA',NULL,'hotspot1','10.0.0.34','Wireless-IEEE-802-11'),(540,'70-28-8B-3A-02-21',1489666993,1489667113,1489667168,'Stopped',NULL,5324,5216,'8080008c',174,'Admin-Reset','TESTAC1',2147483647,'10.77.255.253','70:28:8B:3A:02:21',NULL,'hotspot1','10.0.0.34','Wireless-IEEE-802-11'),(541,'C8-A8-23-6E-26-DA',1489667168,1489667228,1489667276,'Stopped',NULL,4360,5535,'8080008d',108,'Admin-Reset','TESTAC1',2147483647,'10.77.255.250','C8:A8:23:6E:26:DA',NULL,'hotspot1','10.0.0.34','Wireless-IEEE-802-11'),(542,'70-28-8B-3A-02-21',1489667276,1489667456,1489667467,'Stopped',NULL,9027,6834,'8080008f',191,'Admin-Reset','TESTAC1',2147483647,'10.77.255.253','70:28:8B:3A:02:21',NULL,'hotspot1','10.0.0.34','Wireless-IEEE-802-11'),(543,'70-28-8B-3A-02-21',1489667471,1489667592,1489667640,'Stopped',NULL,10052,4445,'80800091',169,'Session-Timeout','TESTAC1',2147483647,'10.77.255.253','70:28:8B:3A:02:21',NULL,'hotspot1','10.0.0.34','Wireless-IEEE-802-11'),(544,'70-28-8B-3A-02-21',1489668397,0,1489668448,'Stopped',NULL,2049,3876,'80800093',51,'Session-Timeout','TESTAC1',2147483647,'10.77.255.253','70:28:8B:3A:02:21',NULL,'hotspot1','10.0.0.34','Wireless-IEEE-802-11'),(545,'70-28-8B-3A-02-21',1489668515,0,1489668565,'Stopped',NULL,34451,40205,'80800095',50,'Session-Timeout','TESTAC1',2147483647,'10.77.255.253','70:28:8B:3A:02:21',NULL,'hotspot1','10.0.0.34','Wireless-IEEE-802-11'),(546,'70-28-8B-3A-02-21',1489668659,0,1489668708,'Stopped',NULL,1865,3389,'80800097',49,'Session-Timeout','TESTAC1',2147483647,'10.77.255.253','70:28:8B:3A:02:21',NULL,'hotspot1','10.0.0.34','Wireless-IEEE-802-11'),(547,'70-28-8B-3A-02-21',1489669183,0,1489669232,'Stopped',NULL,1396,3082,'80800099',49,'Session-Timeout','TESTAC1',2147483647,'10.77.255.253','70:28:8B:3A:02:21',NULL,'hotspot1','10.0.0.34','Wireless-IEEE-802-11'),(548,'70-28-8B-3A-02-21',1489669640,0,1489669690,'Stopped',NULL,5473,4607,'8080009b',50,'Session-Timeout','TESTAC1',2147483647,'10.77.255.253','70:28:8B:3A:02:21',NULL,'hotspot1','10.0.0.34','Wireless-IEEE-802-11'),(549,'70-28-8B-3A-02-21',1489669812,0,1489669862,'Stopped',NULL,2443,2858,'8080009e',50,'Session-Timeout','TESTAC1',2147483647,'10.77.255.253','70:28:8B:3A:02:21',NULL,'hotspot1','10.0.0.34','Wireless-IEEE-802-11'),(550,'70-28-8B-3A-02-21',1489670063,0,1489670113,'Stopped',NULL,1550,3143,'808000a0',50,'Session-Timeout','TESTAC1',2147483647,'10.77.255.253','70:28:8B:3A:02:21',NULL,'hotspot1','10.0.0.34','Wireless-IEEE-802-11'),(551,'70-28-8B-3A-02-21',1489670200,0,1489670240,'Stopped',NULL,5658,4574,'808000a2',40,'Session-Timeout','TESTAC1',2147483647,'10.77.255.253','70:28:8B:3A:02:21',NULL,'hotspot1','10.0.0.34','Wireless-IEEE-802-11'),(552,'70-28-8B-3A-02-21',1489670339,0,1489670389,'Stopped',NULL,1639,3146,'808000a4',50,'Session-Timeout','TESTAC1',2147483647,'10.77.255.253','70:28:8B:3A:02:21',NULL,'hotspot1','10.0.0.34','Wireless-IEEE-802-11'),(553,'70-28-8B-3A-02-21',1489670444,0,1489670493,'Stopped',NULL,3025,3242,'808000a6',49,'Session-Timeout','TESTAC1',2147483647,'10.77.255.253','70:28:8B:3A:02:21',NULL,'hotspot1','10.0.0.34','Wireless-IEEE-802-11'),(554,'70-28-8B-3A-02-21',1489670531,0,1489670579,'Stopped',NULL,3962,2993,'808000a7',48,'Session-Timeout','TESTAC1',2147483647,'10.77.255.253','70:28:8B:3A:02:21',NULL,'hotspot1','10.0.0.34','Wireless-IEEE-802-11'),(555,'70-28-8B-3A-02-21',1489670658,0,1489670669,'Stopped',NULL,4042,2922,'808000a9',11,'Admin-Reset','TESTAC1',2147483647,'10.77.255.253','70:28:8B:3A:02:21',NULL,'hotspot1','10.0.0.34','Wireless-IEEE-802-11'),(556,'C8-A8-23-6E-26-DA',1489670671,0,1489670703,'Stopped',NULL,2178,2256,'808000ab',32,'Session-Timeout','TESTAC1',2147483647,'10.77.255.250','C8:A8:23:6E:26:DA',NULL,'hotspot1','10.0.0.34','Wireless-IEEE-802-11'),(557,'C8-A8-23-6E-26-DA',1489671744,0,1489671794,'Stopped',NULL,7822,5040,'808000ad',50,'Session-Timeout','TESTAC1',2147483647,'10.77.255.250','C8:A8:23:6E:26:DA',NULL,'hotspot1','10.0.0.34','Wireless-IEEE-802-11'),(558,'C8-A8-23-6E-26-DA',1489671921,0,1489671971,'Stopped',NULL,7474,5316,'808000af',50,'Session-Timeout','TESTAC1',2147483647,'10.77.255.250','C8:A8:23:6E:26:DA',NULL,'hotspot1','10.0.0.34','Wireless-IEEE-802-11'),(559,'C8-A8-23-6E-26-DA',1489672255,0,1489672305,'Stopped',NULL,7953,6441,'808000b1',50,'Session-Timeout','TESTAC1',2147483647,'10.77.255.250','C8:A8:23:6E:26:DA',NULL,'hotspot1','10.0.0.34','Wireless-IEEE-802-11'),(560,'C8-A8-23-6E-26-DA',1489672394,0,1489672444,'Stopped',NULL,8054,5212,'808000b3',50,'Session-Timeout','TESTAC1',2147483647,'10.77.255.250','C8:A8:23:6E:26:DA',NULL,'hotspot1','10.0.0.34','Wireless-IEEE-802-11'),(561,'C8-A8-23-6E-26-DA',1489828645,0,1489828669,'Stopped',NULL,29052,22872,'808000c6',24,'Session-Timeout','TESTAC1',2147483647,'10.77.255.250','C8:A8:23:6E:26:DA',NULL,'hotspot1','10.0.0.34','Wireless-IEEE-802-11'),(562,'C8-A8-23-6E-26-DA',1489829309,0,1489829321,'Stopped',NULL,1115,1551,'808000c8',12,'Session-Timeout','TESTAC1',2147483647,'10.77.255.250','C8:A8:23:6E:26:DA',NULL,'hotspot1','10.0.0.34','Wireless-IEEE-802-11'),(563,'C8-A8-23-6E-26-DA',1489966373,0,1489966385,'Stopped',NULL,1793,216,'8080014b',12,'Admin-Reset','TESTAC1',2147483647,'10.77.255.250','C8:A8:23:6E:26:DA',NULL,'hotspot1','10.0.0.34','Wireless-IEEE-802-11'),(564,'70-28-8B-3A-02-21',1489966385,1489966685,1489966727,'Stopped',NULL,7008,4356,'8080014c',341,'Admin-Reset','TESTAC1',2147483647,'10.77.255.253','70:28:8B:3A:02:21',NULL,'hotspot1','10.0.0.34','Wireless-IEEE-802-11'),(565,'18-65-90-17-0A-E8',1489966727,1489969189,1489969224,'Stopped',NULL,169713,119197,'8080014f',2496,'Admin-Reset','TESTAC1',2147483647,'10.77.255.254','18:65:90:17:0A:E8',NULL,'hotspot1','10.0.0.34','Wireless-IEEE-802-11'),(566,'70-28-8B-3A-02-21',1489969225,1489969345,1489969347,'Stopped',NULL,2068,1803,'80800154',122,'Lost-Service','TESTAC1',2147483647,'10.77.255.253','70:28:8B:3A:02:21',NULL,'hotspot1','10.0.0.34','Wireless-IEEE-802-11'),(567,'00-92-C0-21-AD-9E',1490002563,1490002803,1490002860,'Stopped',NULL,338394,4472194,'80a00006',297,'Session-Timeout','TESTAC2',2147483647,'10.77.255.253','00:92:C0:21:AD:9E',NULL,'hotspot1','10.0.0.99','Wireless-IEEE-802-11'),(568,'00-92-C0-21-AD-9E',1490002911,0,1490002968,'Stopped',NULL,121283,931527,'80a00008',57,'Session-Timeout','TESTAC2',2147483647,'10.77.255.253','00:92:C0:21:AD:9E',NULL,'hotspot1','10.0.0.99','Wireless-IEEE-802-11'),(569,'00-92-C0-21-AD-9E',1490003590,1490003651,1490003677,'Stopped',NULL,48418,175240,'80a0000a',87,'Lost-Carrier','TESTAC2',2147483647,'10.77.255.253','00:92:C0:21:AD:9E',NULL,'hotspot1','10.0.0.99','Wireless-IEEE-802-11'),(570,'00-92-C0-21-AD-9E',1490003679,0,1490003689,'Stopped',NULL,922,8855,'80a0000b',10,'Lost-Carrier','TESTAC2',2147483647,'10.77.255.253','00:92:C0:21:AD:9E',NULL,'hotspot1','10.0.0.99','Wireless-IEEE-802-11'),(571,'00-92-C0-21-AD-9E',1490003719,1490004138,1490004141,'Stopped',NULL,277248,22431704,'80a0000c',422,'Lost-Service','TESTAC2',2147483647,'10.77.255.253','00:92:C0:21:AD:9E',NULL,'hotspot1','10.0.0.99','Wireless-IEEE-802-11'),(572,'00-92-C0-21-AD-9E',1490004205,1490004386,1490004405,'Stopped',NULL,45425,7491699,'80a0000d',199,'Lost-Service','TESTAC2',2147483647,'10.77.255.253','00:92:C0:21:AD:9E',NULL,'hotspot1','10.0.0.99','Wireless-IEEE-802-11'),(573,'00-92-C0-21-AD-9E',1490004597,1490005197,1490005238,'Stopped',NULL,168726,9337796,'80a0000e',641,'Admin-Reset','TESTAC2',2147483647,'10.77.255.253','00:92:C0:21:AD:9E',NULL,'hotspot1','10.0.0.99','Wireless-IEEE-802-11'),(574,'00-92-C0-21-AD-9E',1490005762,0,1490005796,'Stopped',NULL,2393,11724,'80a00010',34,'Session-Timeout','TESTAC2',2147483647,'10.77.255.253','00:92:C0:21:AD:9E',NULL,'hotspot1','10.0.0.99','Wireless-IEEE-802-11'),(575,'00-92-C0-21-AD-9E',1490006840,1490006900,1490006917,'Stopped',NULL,161606,1386160,'80a00012',77,'Session-Timeout','TESTAC2',2147483647,'10.77.255.253','00:92:C0:21:AD:9E',NULL,'hotspot1','10.0.0.99','Wireless-IEEE-802-11'),(576,'00-92-C0-21-AD-9E',1490009026,1490009266,1490009308,'Stopped',NULL,16994,94544,'80a00014',282,'Session-Timeout','TESTAC2',2147483647,'10.77.255.253','00:92:C0:21:AD:9E',NULL,'hotspot1','10.0.0.99','Wireless-IEEE-802-11'),(577,'F0-F6-1C-2D-65-C0',1490009105,1490009226,1490009265,'Stopped',NULL,195951,10753308,'80a00016',159,'Admin-Reset','TESTAC2',2147483647,'10.77.255.249','F0:F6:1C:2D:65:C0',NULL,'hotspot1','10.0.0.99','Wireless-IEEE-802-11'),(578,'00-92-C0-21-AD-9E',1490009705,1490009825,1490009833,'Stopped',NULL,7376,29383,'80a00019',128,'Admin-Reset','TESTAC2',2147483647,'10.77.255.253','00:92:C0:21:AD:9E',NULL,'hotspot1','10.0.0.99','Wireless-IEEE-802-11'),(579,'F0-F6-1C-2D-65-C0',1490009834,1490009893,1490009931,'Stopped',NULL,35499,592054,'80a0001a',97,'Admin-Reset','TESTAC2',2147483647,'10.77.255.249','F0:F6:1C:2D:65:C0',NULL,'hotspot1','10.0.0.99','Wireless-IEEE-802-11'),(580,'00-92-C0-21-AD-9E',1490009932,1490009992,1490009994,'Stopped',NULL,3419,13194,'80a0001c',62,'Session-Timeout','TESTAC2',2147483647,'10.77.255.253','00:92:C0:21:AD:9E',NULL,'hotspot1','10.0.0.99','Wireless-IEEE-802-11'),(581,'00-92-C0-21-AD-9E',1490010131,0,1490010178,'Stopped',NULL,2088,15644,'80a0001f',47,'Session-Timeout','TESTAC2',2147483647,'10.77.255.253','00:92:C0:21:AD:9E',NULL,'hotspot1','10.0.0.99','Wireless-IEEE-802-11'),(582,'00-92-C0-21-AD-9E',1490010273,0,1490010291,'Stopped',NULL,13046,67660,'80a00021',18,'Admin-Reset','TESTAC2',2147483647,'10.77.255.253','00:92:C0:21:AD:9E',NULL,'hotspot1','10.0.0.99','Wireless-IEEE-802-11'),(583,'F0-F6-1C-2D-65-C0',1490010291,0,1490010311,'Stopped',NULL,636,10487,'80a00022',20,'Session-Timeout','TESTAC2',2147483647,'10.77.255.249','F0:F6:1C:2D:65:C0',NULL,'hotspot1','10.0.0.99','Wireless-IEEE-802-11'),(584,'F0-F6-1C-2D-65-C0',1490011206,1490011445,1490011491,'Stopped',NULL,300874,12577705,'80a00025',285,'Session-Timeout','TESTAC2',2147483647,'10.77.255.249','F0:F6:1C:2D:65:C0',NULL,'hotspot1','10.0.0.99','Wireless-IEEE-802-11'),(585,'F0-F6-1C-2D-65-C0',1490012236,1490012475,1490012519,'Stopped',NULL,234898,10901934,'80a00027',283,'Session-Timeout','TESTAC2',2147483647,'10.77.255.249','F0:F6:1C:2D:65:C0',NULL,'hotspot1','10.0.0.99','Wireless-IEEE-802-11'),(586,'F0-F6-1C-2D-65-C0',1490013184,1490013424,1490013468,'Stopped',NULL,326920,10060947,'80a0002a',284,'Session-Timeout','TESTAC2',2147483647,'10.77.255.249','F0:F6:1C:2D:65:C0',NULL,'hotspot1','10.0.0.99','Wireless-IEEE-802-11'),(587,'FC-45-96-14-77-14',1490021555,1490021976,1490021981,'Stopped',NULL,103564,111272,'8080015a',425,'Admin-Reset','TESTAC1',2147483647,'10.77.255.251','FC:45:96:14:77:14',NULL,'hotspot1','10.0.0.34','Wireless-IEEE-802-11'),(588,'C8-A8-23-6E-26-DA',1490021981,1490055937,1490055960,'Stopped',NULL,62317,49010,'8080015b',33979,'Session-Timeout','TESTAC1',2147483647,'10.77.255.250','C8:A8:23:6E:26:DA',NULL,'hotspot1','10.0.0.34','Wireless-IEEE-802-11'),(589,'70-28-8B-3A-02-21',1490028405,1490031945,1490031998,'Stopped',NULL,151708,90359,'8080015e',3592,'Session-Timeout','TESTAC1',2147483647,'10.77.255.253','70:28:8B:3A:02:21',NULL,'hotspot1','10.0.0.34','Wireless-IEEE-802-11'),(590,'70-28-8B-3A-02-21',1490032124,1490032364,1490032417,'Stopped',NULL,145,85,'8080015f',293,'Session-Timeout','TESTAC1',2147483647,'10.77.255.253','70:28:8B:3A:02:21',NULL,'hotspot1','10.0.0.34','Wireless-IEEE-802-11'),(591,'00-92-C0-21-AD-9E',1490041710,1490041891,1490041942,'Stopped',NULL,231421,2876801,'80a00033',231,'Session-Timeout','TESTAC2',2147483647,'10.77.255.253','00:92:C0:21:AD:9E',NULL,'hotspot1','10.0.0.99','Wireless-IEEE-802-11'),(592,'14-89-FD-BB-C5-A9',1490122899,1490124640,1490124670,'Stopped',NULL,66514,957155,'80a00050',1772,'Lost-Service','TESTAC2',2147483647,'10.77.255.246','14:89:FD:BB:C5:A9',NULL,'hotspot1','10.0.0.99','Wireless-IEEE-802-11'),(593,'F4-0F-24-3B-CA-0F',1490124272,1490124510,1490124554,'Stopped',NULL,221184,2057471,'80a00053',282,'Session-Timeout','TESTAC2',2147483647,'10.77.255.244','F4:0F:24:3B:CA:0F',NULL,'hotspot1','10.0.0.99','Wireless-IEEE-802-11'),(594,'F4-0F-24-3B-CA-0F',1490124609,0,1490124656,'Stopped',NULL,57256,2706643,'80a00055',47,'Session-Timeout','TESTAC2',2147483647,'10.77.255.244','F4:0F:24:3B:CA:0F',NULL,'hotspot1','10.0.0.99','Wireless-IEEE-802-11'),(595,'F4-0F-24-3B-CA-0F',1490124711,1490124952,1490125000,'Stopped',NULL,605871,21767861,'80a00057',289,'Session-Timeout','TESTAC2',2147483647,'10.77.255.244','F4:0F:24:3B:CA:0F',NULL,'hotspot1','10.0.0.99','Wireless-IEEE-802-11'),(596,'F4-0F-24-3B-CA-0F',1490126416,0,1490126465,'Stopped',NULL,160230,3110524,'80a0005a',49,'Session-Timeout','TESTAC2',2147483647,'10.77.255.244','F4:0F:24:3B:CA:0F',NULL,'hotspot1','10.0.0.99','Wireless-IEEE-802-11'),(597,'F4-0F-24-3B-CA-0F',1490274498,1490274738,1490274786,'Stopped',NULL,155703,5245635,'80d00002',288,'Session-Timeout','TESTAC2',2147483647,'10.77.255.251','F4:0F:24:3B:CA:0F',NULL,'hotspot1','10.0.0.99','Wireless-IEEE-802-11'),(598,'F4-0F-24-3B-CA-0F',1490274793,0,1490274846,'Stopped',NULL,10613,69819,'80d00004',53,'Session-Timeout','TESTAC2',2147483647,'10.77.255.251','F4:0F:24:3B:CA:0F',NULL,'hotspot1','10.0.0.99','Wireless-IEEE-802-11'),(599,'70-28-8B-3A-02-21',1490374432,1490377675,1490377696,'Stopped',NULL,237690,285650,'808002d1',3264,'Session-Timeout','TESTAC1',2147483647,'10.77.255.253','70:28:8B:3A:02:21',NULL,'hotspot1','10.0.0.34','Wireless-IEEE-802-11'),(600,'F0-F6-1C-2D-65-C0',1490604716,1490606156,1490606156,'Stopped',NULL,286021,1310240,'8010000f',1440,'Admin-Reset','TESTAC2',2147483647,'10.77.255.242','F0:F6:1C:2D:65:C0',NULL,'hotspot1','10.0.0.99','Wireless-IEEE-802-11'),(601,'F4-0F-24-3B-CA-0F',1490606944,1490607124,1490607158,'Stopped',NULL,318064,972438,'80200004',214,'Session-Timeout','TESTAC2',2147483647,'10.77.255.243','F4:0F:24:3B:CA:0F',NULL,'hotspot1','10.0.0.99','Wireless-IEEE-802-11'),(602,'F4-0F-24-3B-CA-0F',1490607160,0,1490607217,'Stopped',NULL,19126,50304,'80200005',57,'Session-Timeout','TESTAC2',2147483647,'10.77.255.243','F4:0F:24:3B:CA:0F',NULL,'hotspot1','10.0.0.99','Wireless-IEEE-802-11'),(603,'00-92-C0-21-AD-9E',1490611781,1490611900,1490611925,'Stopped',NULL,86174,1453905,'80200009',144,'Admin-Reset','TESTAC2',2147483647,'10.77.255.253','00:92:C0:21:AD:9E',NULL,'hotspot1','10.0.0.99','Wireless-IEEE-802-11'),(604,'F0-F6-1C-2D-65-C0',1490611926,1490612045,1490612071,'Stopped',NULL,68289,3736010,'8020000a',145,'Session-Timeout','TESTAC2',2147483647,'10.77.255.242','F0:F6:1C:2D:65:C0',NULL,'hotspot1','10.0.0.99','Wireless-IEEE-802-11'),(605,'00-92-C0-21-AD-9E',1490613381,1490613922,1490613967,'Stopped',NULL,34044,370170,'8020000e',586,'Session-Timeout','TESTAC2',2147483647,'10.77.255.253','00:92:C0:21:AD:9E',NULL,'hotspot1','10.0.0.99','Wireless-IEEE-802-11'),(606,'F4-0F-24-3B-CA-0F',1490722297,0,1490722346,'Stopped',NULL,31798,211350,'80400003',49,'Session-Timeout','TESTAC2',2147483647,'10.77.255.247','F4:0F:24:3B:CA:0F',NULL,'hotspot1','10.0.0.99','Wireless-IEEE-802-11'),(607,'F4-0F-24-3B-CA-0F',1490722367,1490722427,1490722477,'Stopped',NULL,65593,328011,'80400005',110,'Session-Timeout','TESTAC2',2147483647,'10.77.255.247','F4:0F:24:3B:CA:0F',NULL,'hotspot1','10.0.0.99','Wireless-IEEE-802-11'),(608,'00-92-C0-21-AD-9E',1490726880,0,1490726936,'Stopped',NULL,30665,638034,'8040000b',56,'Session-Timeout','TESTAC2',2147483647,'10.77.255.253','00:92:C0:21:AD:9E',NULL,'hotspot1','10.0.0.99','Wireless-IEEE-802-11'),(609,'F4-0F-24-3B-CA-0F',1490728013,0,1490728070,'Stopped',NULL,92512,1392538,'8040000d',57,'Session-Timeout','TESTAC2',2147483647,'10.77.255.247','F4:0F:24:3B:CA:0F',NULL,'hotspot1','10.0.0.99','Wireless-IEEE-802-11'),(610,'00-92-C0-21-AD-9E',1490728155,0,1490728182,'Stopped',NULL,35680,501362,'8040000f',26,'Admin-Reset','TESTAC2',2147483647,'10.77.255.253','00:92:C0:21:AD:9E',NULL,'hotspot1','10.0.0.99','Wireless-IEEE-802-11'),(611,'F4-0F-24-3B-CA-0F',1490728182,0,1490728188,'Stopped',NULL,4945,64654,'80400010',6,'Session-Timeout','TESTAC2',2147483647,'10.77.255.247','F4:0F:24:3B:CA:0F',NULL,'hotspot1','10.0.0.99','Wireless-IEEE-802-11'),(612,'F4-0F-24-3B-CA-0F',1490729077,0,1490729119,'Stopped',NULL,20887,202038,'80400014',42,'Session-Timeout','TESTAC2',2147483647,'10.77.255.247','F4:0F:24:3B:CA:0F',NULL,'hotspot1','10.0.0.99','Wireless-IEEE-802-11'),(613,'00-92-C0-21-AD-9E',1490770723,0,1490770732,'Stopped',NULL,3685,66950,'80400018',9,'Admin-Reset','TESTAC2',2147483647,'10.77.255.253','00:92:C0:21:AD:9E',NULL,'hotspot1','10.0.0.99','Wireless-IEEE-802-11'),(614,'F0-F6-1C-2D-65-C0',1490770732,0,1490770759,'Stopped',NULL,636,10553,'80400019',26,'Admin-Reset','TESTAC2',2147483647,'10.77.255.249','F0:F6:1C:2D:65:C0',NULL,'hotspot1','10.0.0.99','Wireless-IEEE-802-11'),(615,'00-92-C0-21-AD-9E',1490770759,0,1490770767,'Stopped',NULL,2614,61372,'8040001b',8,'Session-Timeout','TESTAC2',2147483647,'10.77.255.253','00:92:C0:21:AD:9E',NULL,'hotspot1','10.0.0.99','Wireless-IEEE-802-11'),(616,'F0-F6-1C-2D-65-C0',1490796168,1490801688,1490801731,'Stopped',NULL,1030511,94188002,'80400024',5563,'Lost-Service','TESTAC2',2147483647,'10.77.255.249','F0:F6:1C:2D:65:C0',NULL,'hotspot1','10.0.0.99','Wireless-IEEE-802-11'),(617,'F0-F6-1C-2D-65-C0',1490801742,1490872014,1490872050,'Stopped',NULL,10281704,261672102,'80400029',70309,'Lost-Service','TESTAC2',2147483647,'10.77.255.249','F0:F6:1C:2D:65:C0',NULL,'hotspot1','10.0.0.99','Wireless-IEEE-802-11'),(618,'F0-F6-1C-2D-65-C0',1490880285,1490882504,1490882534,'Stopped',NULL,309209,9080838,'80400036',2249,'Session-Timeout','TESTAC2',2147483647,'10.77.162.48','F0:F6:1C:2D:65:C0',NULL,'hotspot1','10.0.0.99','Wireless-IEEE-802-11'),(619,'00-92-C0-21-AD-9E',1490893282,1490902465,1490902482,'Stopped',NULL,105520,2778573,'80400039',9199,'Admin-Reset','TESTAC2',2147483647,'10.77.162.63','00:92:C0:21:AD:9E',NULL,'hotspot1','10.0.0.99','Wireless-IEEE-802-11'),(620,'F0-F6-1C-2D-65-C0',1490902482,1490939438,1490939481,'Stopped',NULL,21230596,445330962,'8040003b',36999,'Lost-Service','TESTAC2',2147483647,'10.77.162.48','F0:F6:1C:2D:65:C0',NULL,'hotspot1','10.0.0.99','Wireless-IEEE-802-11'),(621,'F0-F6-1C-2D-65-C0',1490951283,1490968684,1490968739,'Stopped',NULL,3027778,380334307,'80400040',17456,'Admin-Reset','TESTAC2',2147483647,'10.77.162.48','F0:F6:1C:2D:65:C0',NULL,'hotspot1','10.0.0.99','Wireless-IEEE-802-11'),(622,'00-92-C0-21-AD-9E',1490974334,0,1490974365,'Stopped',NULL,18498,266445,'80400052',32,'Admin-Reset','TESTAC2',2147483647,'10.77.162.63','00:92:C0:21:AD:9E',NULL,'hotspot1','10.0.0.99','Wireless-IEEE-802-11'),(623,'00-92-C0-21-AD-9E',1490974691,1490974750,1490974804,'Stopped',NULL,4816,66016,'80400054',113,'Session-Timeout','TESTAC2',2147483647,'10.77.162.63','00:92:C0:21:AD:9E',NULL,'hotspot1','10.0.0.99','Wireless-IEEE-802-11'),(624,'F4-0F-24-3B-CA-0F',1491200873,1491201113,1491201161,'Stopped',NULL,131236,1090071,'80600005',288,'Session-Timeout','TESTAC2',2147483647,'10.77.162.61','F4:0F:24:3B:CA:0F',NULL,'hotspot1','10.0.0.99','Wireless-IEEE-802-11'),(625,'F4-0F-24-3B-CA-0F',1491201226,0,1491201274,'Stopped',NULL,10704,44061,'80600009',48,'Session-Timeout','TESTAC2',2147483647,'10.77.162.61','F4:0F:24:3B:CA:0F',NULL,'hotspot1','10.0.0.99','Wireless-IEEE-802-11'),(626,'F4-0F-24-3B-CA-0F',1491201295,0,1491201350,'Stopped',NULL,13674,70236,'8060000b',55,'Session-Timeout','TESTAC2',2147483647,'10.77.162.61','F4:0F:24:3B:CA:0F',NULL,'hotspot1','10.0.0.99','Wireless-IEEE-802-11'),(627,'00-92-C0-21-AD-9E',1491201571,0,1491201612,'Stopped',NULL,10773,85869,'8060000e',41,'Admin-Reset','TESTAC2',2147483647,'10.77.162.63','00:92:C0:21:AD:9E',NULL,'hotspot1','10.0.0.99','Wireless-IEEE-802-11'),(628,'F4-0F-24-3B-CA-0F',1491201613,1491201853,1491201860,'Stopped',NULL,67580,324564,'8060000f',247,'Session-Timeout','TESTAC2',2147483647,'10.77.162.61','F4:0F:24:3B:CA:0F',NULL,'hotspot1','10.0.0.99','Wireless-IEEE-802-11'),(629,'74-DF-BF-DB-72-8D',1491202249,1491202490,1491202520,'Stopped',NULL,362547,4846571,'80600013',271,'Session-Timeout','TESTAC2',2147483647,'10.77.162.55','74:DF:BF:DB:72:8D',NULL,'hotspot1','10.0.0.99','Wireless-IEEE-802-11'),(630,'EC-1F-72-FF-D0-B3',1491203184,0,1491203201,'Stopped',NULL,1464,14931,'80600018',17,'Session-Timeout','TESTAC2',2147483647,'10.77.162.53','EC:1F:72:FF:D0:B3',NULL,'hotspot1','10.0.0.99','Wireless-IEEE-802-11'),(631,'EC-1F-72-FF-D0-B3',1491206927,0,1491206957,'Stopped',NULL,6356,40518,'80600030',30,'Session-Timeout','TESTAC2',2147483647,'10.77.162.53','EC:1F:72:FF:D0:B3',NULL,'hotspot1','10.0.0.99','Wireless-IEEE-802-11'),(632,'00-27-15-3B-EA-6E',1491208069,1491208309,1491208360,'Stopped',NULL,29168,569826,'8060003b',290,'Lost-Service','TESTAC2',2147483647,'10.77.162.47','00:27:15:3B:EA:6E',NULL,'hotspot1','10.0.0.99','Wireless-IEEE-802-11'),(633,'EC-1F-72-FF-D0-B3',1491208195,0,1491208251,'Stopped',NULL,6757,45384,'8060003e',56,'Session-Timeout','TESTAC2',2147483647,'10.77.162.53','EC:1F:72:FF:D0:B3',NULL,'hotspot1','10.0.0.99','Wireless-IEEE-802-11'),(634,'BC-44-34-B5-26-DD',1491208260,0,1491208275,'Stopped',NULL,3440,43313,'80600040',16,'Admin-Reset','TESTAC2',2147483647,'10.77.162.37','BC:44:34:B5:26:DD',NULL,'hotspot1','10.0.0.99','Wireless-IEEE-802-11'),(635,'D4-7D-FC-1D-6D-C6',1491208276,1491208396,1491208405,'Stopped',NULL,21182,95429,'80600042',129,'Admin-Reset','TESTAC2',2147483647,'10.77.162.38','D4:7D:FC:1D:6D:C6',NULL,'hotspot1','10.0.0.99','Wireless-IEEE-802-11'),(636,'BC-44-34-B5-26-DD',1491208406,1491208526,1491208549,'Stopped',NULL,11670,72676,'80600044',143,'Session-Timeout','TESTAC2',2147483647,'10.77.162.37','BC:44:34:B5:26:DD',NULL,'hotspot1','10.0.0.99','Wireless-IEEE-802-11'),(637,'80-19-67-1A-9B-D5',1491208541,0,1491208597,'Stopped',NULL,11005,347843,'80600048',56,'Session-Timeout','TESTAC2',2147483647,'10.77.162.39','80:19:67:1A:9B:D5',NULL,'hotspot1','10.0.0.99','Wireless-IEEE-802-11'),(638,'80-19-67-1A-9B-D5',1491208718,1491208958,1491208970,'Stopped',NULL,246499,8602670,'8060004c',252,'Session-Timeout','TESTAC2',2147483647,'10.77.162.39','80:19:67:1A:9B:D5',NULL,'hotspot1','10.0.0.99','Wireless-IEEE-802-11'),(639,'BC-44-34-B5-26-DD',1491208756,1491208816,1491208843,'Stopped',NULL,43518,1172362,'8060004d',87,'Admin-Reset','TESTAC2',2147483647,'10.77.162.37','BC:44:34:B5:26:DD',NULL,'hotspot1','10.0.0.99','Wireless-IEEE-802-11'),(640,'D4-7D-FC-1D-6D-C6',1491208844,1491208963,1491208968,'Stopped',NULL,22795,147307,'8060004e',124,'Admin-Reset','TESTAC2',2147483647,'10.77.162.38','D4:7D:FC:1D:6D:C6',NULL,'hotspot1','10.0.0.99','Wireless-IEEE-802-11'),(641,'54-27-58-31-89-46',1491208867,0,1491208913,'Stopped',NULL,5129,33564,'80600050',46,'Session-Timeout','TESTAC2',2147483647,'10.77.162.48','54:27:58:31:89:46',NULL,'hotspot1','10.0.0.99','Wireless-IEEE-802-11'),(642,'EC-1F-72-FF-D0-B3',1491208956,1491209076,1491209130,'Stopped',NULL,68923,1828793,'80600052',173,'Admin-Reset','TESTAC2',2147483647,'10.77.162.53','EC:1F:72:FF:D0:B3',NULL,'hotspot1','10.0.0.99','Wireless-IEEE-802-11'),(643,'BC-44-34-B5-26-DD',1491208969,0,1491209008,'Stopped',NULL,10649,62247,'80600053',39,'Admin-Reset','TESTAC2',2147483647,'10.77.162.37','BC:44:34:B5:26:DD',NULL,'hotspot1','10.0.0.99','Wireless-IEEE-802-11'),(644,'D4-7D-FC-1D-6D-C6',1491209011,1491209070,1491209105,'Stopped',NULL,5184,16978,'80600056',94,'Admin-Reset','TESTAC2',2147483647,'10.77.162.38','D4:7D:FC:1D:6D:C6',NULL,'hotspot1','10.0.0.99','Wireless-IEEE-802-11'),(645,'BC-44-34-B5-26-DD',1491209106,1491212284,1491212339,'Stopped',NULL,159446,723582,'80600058',3233,'Session-Timeout','TESTAC2',2147483647,'10.77.162.37','BC:44:34:B5:26:DD',NULL,'hotspot1','10.0.0.99','Wireless-IEEE-802-11'),(646,'D4-7D-FC-1D-6D-C6',1491209182,1491212241,1491212297,'Stopped',NULL,162839,752665,'8060005b',3116,'Lost-Service','TESTAC2',2147483647,'10.77.162.38','D4:7D:FC:1D:6D:C6',NULL,'hotspot1','10.0.0.99','Wireless-IEEE-802-11'),(647,'54-27-58-31-89-46',1491209356,1491209596,1491209623,'Stopped',NULL,103730,14861108,'8060005c',268,'Admin-Reset','TESTAC2',2147483647,'10.77.162.48','54:27:58:31:89:46',NULL,'hotspot1','10.0.0.99','Wireless-IEEE-802-11'),(648,'80-19-67-1A-9B-D5',1491209449,1491209630,1491209642,'Stopped',NULL,15628,272641,'8060005d',193,'Session-Timeout','TESTAC2',2147483647,'10.77.162.39','80:19:67:1A:9B:D5',NULL,'hotspot1','10.0.0.99','Wireless-IEEE-802-11'),(649,'74-DF-BF-DB-72-8D',1491209624,0,1491209642,'Stopped',NULL,13188,62043,'8060005f',18,'Session-Timeout','TESTAC2',2147483647,'10.77.162.55','74:DF:BF:DB:72:8D',NULL,'hotspot1','10.0.0.99','Wireless-IEEE-802-11'),(650,'74-DF-BF-DB-75-97',1491209815,0,1491209871,'Stopped',NULL,109951,1750121,'80600064',56,'Session-Timeout','TESTAC2',2147483647,'10.77.162.36','74:DF:BF:DB:75:97',NULL,'hotspot1','10.0.0.99','Wireless-IEEE-802-11'),(651,'80-19-67-1A-9B-D5',1491225167,1491228649,1491228660,'Stopped',NULL,224878,2769015,'80600098',3492,'Lost-Service','TESTAC2',2147483647,'10.77.162.39','80:19:67:1A:9B:D5',NULL,'hotspot1','10.0.0.99','Wireless-IEEE-802-11'),(652,'70-28-8B-3A-02-21',1491372886,1491373245,1491373303,'Stopped',NULL,48938,45000,'80e00033',417,'Session-Timeout','TESTAC1',2147483647,'10.77.255.253','70:28:8B:3A:02:21',NULL,'hotspot1','10.0.0.34','Wireless-IEEE-802-11');
/*!40000 ALTER TABLE `RADACCOUNTING` ENABLE KEYS */;
UNLOCK TABLES;

--
-- Table structure for table `RADONLINE`
--

DROP TABLE IF EXISTS `RADONLINE`;
/*!40101 SET @saved_cs_client     = @@character_set_client */;
/*!40101 SET character_set_client = utf8 */;
CREATE TABLE `RADONLINE` (
  `USERNAME` char(50) NOT NULL,
  `NASIDENTIFIER` char(50) NOT NULL,
  `ACCTSESSIONID` char(30) NOT NULL,
  `TIME_STAMP` int(11) DEFAULT NULL,
  `LAST_SEEN` int(11) NOT NULL,
  `MACADDRESS` varchar(22) DEFAULT NULL,
  UNIQUE KEY `RADONLINE_I` (`NASIDENTIFIER`),
  KEY `RADONLINE_I2` (`USERNAME`)
) ENGINE=InnoDB DEFAULT CHARSET=latin1;
/*!40101 SET character_set_client = @saved_cs_client */;

--
-- Dumping data for table `RADONLINE`
--

LOCK TABLES `RADONLINE` WRITE;
/*!40000 ALTER TABLE `RADONLINE` DISABLE KEYS */;
/*!40000 ALTER TABLE `RADONLINE` ENABLE KEYS */;
UNLOCK TABLES;

--
-- Table structure for table `STAFF`
--

DROP TABLE IF EXISTS `STAFF`;
/*!40101 SET @saved_cs_client     = @@character_set_client */;
/*!40101 SET character_set_client = utf8 */;
CREATE TABLE `STAFF` (
  `ID` int(11) NOT NULL AUTO_INCREMENT,
  `UID` int(11) NOT NULL,
  `USERNAME` varchar(30) NOT NULL,
  `PASSWORD` varchar(60) NOT NULL,
  `RATELIMIT` varchar(30) NOT NULL DEFAULT '3M/3M',
  `ENABLED` int(11) NOT NULL DEFAULT '1',
  PRIMARY KEY (`ID`)
) ENGINE=InnoDB AUTO_INCREMENT=12 DEFAULT CHARSET=utf8;
/*!40101 SET character_set_client = @saved_cs_client */;

--
-- Dumping data for table `STAFF`
--

LOCK TABLES `STAFF` WRITE;
/*!40000 ALTER TABLE `STAFF` DISABLE KEYS */;
INSERT INTO `STAFF` VALUES (4,179,'mike.puchol','1223','3M/3M',1),(5,184,'haggai.sifa','9591','3M/3M',1),(6,186,'andy.halsall','1234','3M/3M',1),(7,688,'collins.pamba','9497','3M/3M',1),(8,180,'dj.koeman','2006','3M/3M',1),(9,333,'training01','1234','3M/3M',1),(10,730,'patrick.mutwiri','9445','3M/3M',1),(11,731,'benjamin.mwalimu','6510','3M/3M',1);
/*!40000 ALTER TABLE `STAFF` ENABLE KEYS */;
UNLOCK TABLES;

--
-- Table structure for table `SUBSCRIBERS`
--

DROP TABLE IF EXISTS `SUBSCRIBERS`;
/*!40101 SET @saved_cs_client     = @@character_set_client */;
/*!40101 SET character_set_client = utf8 */;
CREATE TABLE `SUBSCRIBERS` (
  `USERNAME` char(50) NOT NULL,
  `PASSWORD` char(100) DEFAULT NULL,
  `ENCRYPTEDPASSWORD` char(100) DEFAULT NULL,
  `CHECKATTR` char(200) DEFAULT NULL,
  `REPLYATTR` char(200) DEFAULT NULL,
  `MAXDAILYSESSION` int(11) DEFAULT '0',
  `SESSIONTIMEOUT` int(11) NOT NULL DEFAULT '0',
  `RATELIMIT` varchar(50) DEFAULT '64k/64k 256k/256k 128k/128k 10/10',
  `MAXDATA` int(11) NOT NULL DEFAULT '0',
  `DATAALLOWANCE` bigint(11) NOT NULL DEFAULT '0',
  `NAME` varchar(80) DEFAULT NULL,
  `OTP` varchar(30) DEFAULT NULL,
  `ALLOWEDMAC` varchar(30) DEFAULT NULL,
  `ALLOWEDIP` varchar(22) DEFAULT NULL,
  PRIMARY KEY (`USERNAME`),
  UNIQUE KEY `USERNAME_I` (`USERNAME`)
) ENGINE=InnoDB DEFAULT CHARSET=latin1;
/*!40101 SET character_set_client = @saved_cs_client */;

--
-- Dumping data for table `SUBSCRIBERS`
--

LOCK TABLES `SUBSCRIBERS` WRITE;
/*!40000 ALTER TABLE `SUBSCRIBERS` DISABLE KEYS */;
INSERT INTO `SUBSCRIBERS` VALUES ('178',NULL,NULL,NULL,NULL,0,0,'1M/1M',0,0,'test.user','819039',NULL,NULL),('179',NULL,NULL,NULL,NULL,0,0,'1M/1M',0,7187401216,'mike.puchol','834512',NULL,NULL),('180',NULL,NULL,NULL,NULL,0,0,'1M/1M',0,209715200,'dj.koeman','490444',NULL,NULL),('181',NULL,NULL,NULL,NULL,0,0,'1M/1M',0,272629760,'chris.rhodes','284495',NULL,NULL),('182',NULL,NULL,NULL,NULL,0,0,'1M/1M',0,676331520,'james.vandenbergh ','102241',NULL,NULL),('183',NULL,NULL,NULL,NULL,0,0,'1M/1M',0,367001600,'elaine.mathangani','501347',NULL,NULL),('184',NULL,NULL,NULL,NULL,0,0,'1M/1M',0,235929600,'haggai.sifa','764890',NULL,NULL),('185',NULL,NULL,NULL,NULL,0,0,'1M/1M',0,209715200,'kaluhi.anzigale','787016',NULL,NULL),('186',NULL,NULL,NULL,NULL,0,0,'1M/1M',0,4896849920,'andy.halsall','945668',NULL,NULL),('187',NULL,NULL,NULL,NULL,0,0,'1M/1M',0,209715200,'collins.agai ','874925',NULL,NULL),('188',NULL,NULL,NULL,NULL,0,0,'1M/1M',0,0,'charles.aswani',NULL,NULL,NULL),('189',NULL,NULL,NULL,NULL,0,0,'1M/1M',0,419430400,'rukia.abdul','648112',NULL,NULL),('190',NULL,NULL,NULL,NULL,0,0,'1M/1M',0,445644800,'swabra.marijan','649309',NULL,NULL),('191',NULL,NULL,NULL,NULL,0,0,'1M/1M',0,482344960,'wesley.kamau','324465',NULL,NULL),('192',NULL,NULL,NULL,NULL,0,0,'1M/1M',0,419430400,'josephine.kimani','795411',NULL,NULL),('193',NULL,NULL,NULL,NULL,0,0,'1M/1M',0,209715200,'rob.thurner','508737',NULL,NULL),('194',NULL,NULL,NULL,NULL,0,0,'1M/1M',0,0,'peter.masere',NULL,NULL,NULL),('195',NULL,NULL,NULL,NULL,0,0,'1M/1M',0,419430400,'bernard.kamau','148861',NULL,NULL),('196',NULL,NULL,NULL,NULL,0,0,'1M/1M',0,5434257,'test.user2','784095',NULL,NULL),('197',NULL,NULL,NULL,NULL,0,0,'1M/1M',0,0,'test.staff',NULL,NULL,NULL),('198',NULL,NULL,NULL,NULL,0,0,'1M/1M',0,0,'ExampleHost',NULL,NULL,NULL),('199',NULL,NULL,NULL,NULL,0,0,'1M/1M',0,0,'ExampleSharing',NULL,NULL,NULL),('200',NULL,NULL,NULL,NULL,0,0,'1M/1M',0,0,'ExampleDistributor',NULL,NULL,NULL),('201',NULL,NULL,NULL,NULL,0,0,'1M/1M',0,0,'test.user3',NULL,NULL,NULL),('202',NULL,NULL,NULL,NULL,0,0,'1M/1M',0,314572800,'geofforem1','620306',NULL,NULL),('203',NULL,NULL,NULL,NULL,0,0,'1M/1M',0,0,'Rkipruto',NULL,NULL,NULL),('204',NULL,NULL,NULL,NULL,0,0,'1M/1M',0,235929600,'test.user4','540345',NULL,NULL),('205',NULL,NULL,NULL,NULL,0,0,'1M/1M',0,209715200,'Doreen.Atema1','376770',NULL,NULL),('206',NULL,NULL,NULL,NULL,0,0,'1M/1M',0,0,'ExampleHost-user218',NULL,NULL,NULL),('207',NULL,NULL,NULL,NULL,0,0,'1M/1M',0,0,'ExampleHost-user144',NULL,NULL,NULL),('208',NULL,NULL,NULL,NULL,0,0,'1M/1M',0,0,'ExampleHost-user212',NULL,NULL,NULL),('209',NULL,NULL,NULL,NULL,0,0,'1M/1M',0,0,'admin.uriel',NULL,NULL,NULL),('210',NULL,NULL,NULL,NULL,0,0,'2M/2M',0,12526462,'test.user5','658190',NULL,NULL),('211',NULL,NULL,NULL,NULL,0,0,'2M/2M',0,283186823,'test.user6','424837',NULL,NULL),('212',NULL,NULL,NULL,NULL,0,0,'3M/3M',0,5974086,'test.user7','750277','E4:8D:8C:D5:D4:12','10.20.0.22'),('213',NULL,NULL,NULL,NULL,0,0,'2M/2M',0,0,'Djtest',NULL,NULL,NULL),('241',NULL,NULL,NULL,NULL,0,0,'2M/2M',0,0,'test.mgm',NULL,NULL,NULL),('246',NULL,NULL,NULL,NULL,0,0,'2M/2M',0,220200960,'emmaculate.wadenya','862987',NULL,NULL),('249',NULL,NULL,NULL,NULL,0,0,'2M/2M',0,0,'test.user8',NULL,NULL,NULL),('250',NULL,NULL,NULL,NULL,0,0,'2M/2M',0,10485760,'Wendal','509898',NULL,NULL),('251',NULL,NULL,NULL,NULL,0,0,'2M/2M',0,10485760,'martsharry','443220',NULL,NULL),('252',NULL,NULL,NULL,NULL,0,0,'2M/2M',0,10485760,'maiveinesther','589989',NULL,NULL),('253',NULL,NULL,NULL,NULL,0,0,'2M/2M',0,0,'gwansigwansi',NULL,NULL,NULL),('254',NULL,NULL,NULL,NULL,0,0,'2M/2M',0,0,'Silva',NULL,NULL,NULL),('255',NULL,NULL,NULL,NULL,0,0,'2M/2M',0,10485760,'mugane','529422',NULL,NULL),('256',NULL,NULL,NULL,NULL,0,0,'2M/2M',0,10485760,'Biggybeats','714567',NULL,NULL),('257',NULL,NULL,NULL,NULL,0,0,'2M/2M',0,10485760,'0714935584','137190',NULL,NULL),('258',NULL,NULL,NULL,NULL,0,0,'2M/2M',0,0,'vicmo',NULL,NULL,NULL),('259',NULL,NULL,NULL,NULL,0,0,'2M/2M',0,0,'essentialpesa',NULL,NULL,NULL),('260',NULL,NULL,NULL,NULL,0,0,'2M/2M',0,0,'Wesleyalabu',NULL,NULL,NULL),('261',NULL,NULL,NULL,NULL,0,0,'2M/2M',0,10485760,'mwendwakilonzo','541807',NULL,NULL),('262',NULL,NULL,NULL,NULL,0,0,'2M/2M',0,10485760,'stacius','102499',NULL,NULL),('263',NULL,NULL,NULL,NULL,0,0,'2M/2M',0,10485760,'yogiyoh','176302',NULL,NULL),('264',NULL,NULL,NULL,NULL,0,0,'2M/2M',0,10485760,'fisikia','564103',NULL,NULL),('265',NULL,NULL,NULL,NULL,0,0,'2M/2M',0,10485760,'Andrea','653005',NULL,NULL),('266',NULL,NULL,NULL,NULL,0,0,'2M/2M',0,0,'OliviaRingo',NULL,NULL,NULL),('267',NULL,NULL,NULL,NULL,0,0,'2M/2M',0,0,'donaldtrump',NULL,NULL,NULL),('268',NULL,NULL,NULL,NULL,0,0,'2M/2M',0,220200960,'rahab.kinyanjui','998452',NULL,NULL),('271',NULL,NULL,NULL,NULL,0,0,'2M/2M',0,10485760,'Olivia.ringo','609327',NULL,NULL),('272',NULL,NULL,NULL,NULL,0,0,'2M/2M',0,0,'jamesy',NULL,NULL,NULL),('273',NULL,NULL,NULL,NULL,0,0,'2M/2M',0,220200960,'hosea.otero','819571',NULL,NULL),('274',NULL,NULL,NULL,NULL,0,0,'2M/2M',0,0,'gmbithi',NULL,NULL,NULL),('275',NULL,NULL,NULL,NULL,0,0,'2M/2M',0,10485760,'eliakim.eto','338754',NULL,NULL),('282',NULL,NULL,NULL,NULL,0,0,'2M/2M',0,0,'steve.jobs',NULL,NULL,NULL),('283',NULL,NULL,NULL,NULL,0,0,'2M/2M',0,10485760,'steve.jobs','742930',NULL,NULL),('288',NULL,NULL,NULL,NULL,0,0,'2M/2M',0,0,'host.0001',NULL,NULL,NULL),('289',NULL,NULL,NULL,NULL,0,0,'2M/2M',0,0,'host.0002',NULL,NULL,NULL),('290',NULL,NULL,NULL,NULL,0,0,'2M/2M',0,0,'host.0003',NULL,NULL,NULL),('291',NULL,NULL,NULL,NULL,0,0,'2M/2M',0,0,'host.0004',NULL,NULL,NULL),('292',NULL,NULL,NULL,NULL,0,0,'2M/2M',0,0,'test.user10',NULL,NULL,NULL),('293',NULL,NULL,NULL,NULL,0,0,'2M/2M',0,0,'gracy.lou.freebush',NULL,NULL,NULL),('294',NULL,NULL,NULL,NULL,0,0,'2M/2M',0,0,'the.don',NULL,NULL,NULL),('295',NULL,NULL,NULL,NULL,0,0,'2M/2M',0,0,'my.mother',NULL,NULL,NULL),('296',NULL,NULL,NULL,NULL,0,0,'2M/2M',0,0,'john.major',NULL,NULL,NULL),('297',NULL,NULL,NULL,NULL,0,0,'2M/2M',0,0,'blahmeh',NULL,NULL,NULL),('298',NULL,NULL,NULL,NULL,0,0,'2M/2M',0,0,'blahtwo',NULL,NULL,NULL),('299',NULL,NULL,NULL,NULL,0,0,'2M/2M',0,0,'steve.jobs2',NULL,NULL,NULL),('300',NULL,NULL,NULL,NULL,0,0,'2M/2M',0,0,'chrisisatwat',NULL,NULL,NULL),('301',NULL,NULL,NULL,NULL,0,0,'2M/2M',0,0,'dj.likes.cheese',NULL,NULL,NULL),('305',NULL,NULL,NULL,NULL,0,0,'2M/2M',0,0,'soumishdev',NULL,NULL,NULL),('306',NULL,NULL,NULL,NULL,0,0,'2M/2M',0,0,'steve.jobs3',NULL,NULL,NULL),('307',NULL,NULL,NULL,NULL,0,0,'2M/2M',0,0,'steve.jobs4',NULL,NULL,NULL),('308',NULL,NULL,NULL,NULL,0,0,'2M/2M',0,0,'andytest1',NULL,NULL,NULL),('309',NULL,NULL,NULL,NULL,0,0,'2M/2M',0,0,'andytest2',NULL,NULL,NULL),('310',NULL,NULL,NULL,NULL,0,0,'2M/2M',0,0,'andytest3',NULL,NULL,NULL),('311',NULL,NULL,NULL,NULL,0,0,'2M/2M',0,0,'andytest4',NULL,NULL,NULL),('312',NULL,NULL,NULL,NULL,0,0,'2M/2M',0,0,'andytest5',NULL,NULL,NULL),('313',NULL,NULL,NULL,NULL,0,0,'2M/2M',0,0,'temp.user10',NULL,NULL,NULL),('314',NULL,NULL,NULL,NULL,0,0,'2M/2M',0,0,'andytest6',NULL,NULL,NULL),('315',NULL,NULL,NULL,NULL,0,0,'2M/2M',0,0,'andytest7',NULL,NULL,NULL),('316',NULL,NULL,NULL,NULL,0,0,'2M/2M',0,0,'andytest8',NULL,NULL,NULL),('317',NULL,NULL,NULL,NULL,0,0,'2M/2M',0,0,'andytest9',NULL,NULL,NULL),('318',NULL,NULL,NULL,NULL,0,0,'2M/2M',0,0,'testing.user12',NULL,NULL,NULL),('319',NULL,NULL,NULL,NULL,0,0,'2M/2M',0,0,'steve.jobs24',NULL,NULL,NULL),('320',NULL,NULL,NULL,NULL,0,0,'2M/2M',0,0,'andytest10',NULL,NULL,NULL),('321',NULL,NULL,NULL,NULL,0,0,'1M/1M',0,0,'miketest1',NULL,NULL,NULL),('322',NULL,NULL,NULL,NULL,0,0,'1M/1M',0,0,'miketest2',NULL,NULL,NULL),('323',NULL,NULL,NULL,NULL,0,0,'1M/1M',0,0,'andytest11',NULL,NULL,NULL),('324',NULL,NULL,NULL,NULL,0,0,'1M/1M',0,0,'andytest12',NULL,NULL,NULL),('325',NULL,NULL,NULL,NULL,0,0,'1M/1M',0,0,'andytest13',NULL,NULL,NULL),('326',NULL,NULL,NULL,NULL,0,0,'1M/1M',0,0,'andytest14',NULL,NULL,NULL),('327',NULL,NULL,NULL,NULL,0,0,'1M/1M',0,0,'andytest15',NULL,NULL,NULL),('328',NULL,NULL,NULL,NULL,0,0,'1M/1M',0,0,'andytest16',NULL,NULL,NULL),('329',NULL,NULL,NULL,NULL,0,0,'1M/1M',0,0,'Miketest4',NULL,NULL,NULL),('330',NULL,NULL,NULL,NULL,0,0,'1M/1M',0,0,'andytest17',NULL,NULL,NULL),('331',NULL,NULL,NULL,NULL,0,0,'1M/1M',0,0,'andytest18',NULL,NULL,NULL),('332',NULL,NULL,NULL,NULL,0,0,'1M/1M',0,0,'miketest5',NULL,NULL,NULL),('333',NULL,NULL,NULL,NULL,0,0,'1M/1M',0,0,'training01',NULL,NULL,NULL),('334',NULL,NULL,NULL,NULL,0,0,'1M/1M',0,0,'training02',NULL,NULL,NULL),('335',NULL,NULL,NULL,NULL,0,0,'1M/1M',0,0,'training03',NULL,NULL,NULL),('336',NULL,NULL,NULL,NULL,0,0,'1M/1M',0,0,'training04',NULL,NULL,NULL),('337',NULL,NULL,NULL,NULL,0,0,'1M/1M',0,0,'training05',NULL,NULL,NULL),('338',NULL,NULL,NULL,NULL,0,0,'1M/1M',0,0,'training06',NULL,NULL,NULL),('339',NULL,NULL,NULL,NULL,0,0,'1M/1M',0,0,'training07',NULL,NULL,NULL),('340',NULL,NULL,NULL,NULL,0,0,'1M/1M',0,0,'training08',NULL,NULL,NULL),('341',NULL,NULL,NULL,NULL,0,0,'1M/1M',0,0,'training09',NULL,NULL,NULL),('342',NULL,NULL,NULL,NULL,0,0,'1M/1M',0,0,'training10',NULL,NULL,NULL),('343',NULL,NULL,NULL,NULL,0,0,'1M/1M',0,0,'training11',NULL,NULL,NULL),('344',NULL,NULL,NULL,NULL,0,0,'1M/1M',0,0,'training12',NULL,NULL,NULL),('345',NULL,NULL,NULL,NULL,0,0,'1M/1M',0,0,'training13',NULL,NULL,NULL),('346',NULL,NULL,NULL,NULL,0,0,'1M/1M',0,0,'training14',NULL,NULL,NULL),('347',NULL,NULL,NULL,NULL,0,0,'1M/1M',0,0,'training15',NULL,NULL,NULL),('348',NULL,NULL,NULL,NULL,0,0,'1M/1M',0,0,'training16',NULL,NULL,NULL),('349',NULL,NULL,NULL,NULL,0,0,'1M/1M',0,0,'training17',NULL,NULL,NULL),('350',NULL,NULL,NULL,NULL,0,0,'1M/1M',0,0,'training18',NULL,NULL,NULL),('351',NULL,NULL,NULL,NULL,0,0,'1M/1M',0,0,'training19',NULL,NULL,NULL),('352',NULL,NULL,NULL,NULL,0,0,'1M/1M',0,0,'training20',NULL,NULL,NULL),('360',NULL,NULL,NULL,NULL,0,0,'1M/1M',0,0,'andytest22',NULL,NULL,NULL),('361',NULL,NULL,NULL,NULL,0,0,'1M/1M',0,0,'miketest24',NULL,NULL,NULL),('363',NULL,NULL,NULL,NULL,0,0,'1M/1M',0,0,'cmr600',NULL,NULL,NULL),('364',NULL,NULL,NULL,NULL,0,0,'1M/1M',0,0,'toshiezy',NULL,NULL,NULL),('365',NULL,NULL,NULL,NULL,0,0,'1M/1M',0,0,'poa07',NULL,NULL,NULL),('366',NULL,NULL,NULL,NULL,0,0,'1M/1M',0,0,'training001',NULL,NULL,NULL),('367',NULL,NULL,NULL,NULL,0,0,'1M/1M',0,0,'stix11',NULL,NULL,NULL),('368',NULL,NULL,NULL,NULL,0,0,'1M/1M',0,0,'toshizy',NULL,NULL,NULL),('369',NULL,NULL,NULL,NULL,0,0,'1M/1M',0,0,'Eto007',NULL,NULL,NULL),('370',NULL,NULL,NULL,NULL,0,0,'1M/1M',0,0,'sewafh',NULL,NULL,NULL),('371',NULL,NULL,NULL,NULL,0,0,'1M/1M',0,0,'cmr6000',NULL,NULL,NULL),('372',NULL,NULL,NULL,NULL,0,0,'1M/1M',0,0,'rstmv',NULL,NULL,NULL),('373',NULL,NULL,NULL,NULL,0,0,'1M/1M',0,0,'manu03',NULL,NULL,NULL),('374',NULL,NULL,NULL,NULL,0,0,'1M/1M',0,0,'0725588966',NULL,NULL,NULL),('375',NULL,NULL,NULL,NULL,0,0,'1M/1M',0,0,'wcwmambo',NULL,NULL,NULL),('376',NULL,NULL,NULL,NULL,0,0,'1M/1M',0,0,'Crazychick',NULL,NULL,NULL),('377',NULL,NULL,NULL,NULL,0,0,'1M/1M',0,0,'manu123',NULL,NULL,NULL),('378',NULL,NULL,NULL,NULL,0,0,'1M/1M',0,0,'Abdirahman2',NULL,NULL,NULL),('379',NULL,NULL,NULL,NULL,0,0,'1M/1M',0,0,'crm60',NULL,NULL,NULL),('380',NULL,NULL,NULL,NULL,0,0,'1M/1M',0,0,'kevinprince',NULL,NULL,NULL),('381',NULL,NULL,NULL,NULL,0,0,'1M/1M',0,0,'Wes123',NULL,NULL,NULL),('382',NULL,NULL,NULL,NULL,0,0,'1M/1M',0,0,'Methodist',NULL,NULL,NULL),('383',NULL,NULL,NULL,NULL,0,0,'1M/1M',0,0,'HB123',NULL,NULL,NULL),('384',NULL,NULL,NULL,NULL,0,0,'1M/1M',0,0,'abcdefghij',NULL,NULL,NULL),('385',NULL,NULL,NULL,NULL,0,0,'1M/1M',0,0,'manu1234',NULL,NULL,NULL),('386',NULL,NULL,NULL,NULL,0,0,'1M/1M',0,0,'hoseachris',NULL,NULL,NULL),('387',NULL,NULL,NULL,NULL,0,0,'1M/1M',0,0,'0725006699',NULL,NULL,NULL),('388',NULL,NULL,NULL,NULL,0,0,'1M/1M',0,0,'Poa45',NULL,NULL,NULL),('389',NULL,NULL,NULL,NULL,0,0,'1M/1M',0,0,'0724223344',NULL,NULL,NULL),('390',NULL,NULL,NULL,NULL,0,0,'1M/1M',0,0,'slyngesh',NULL,NULL,NULL),('391',NULL,NULL,NULL,NULL,0,0,'1M/1M',0,0,'mamus',NULL,NULL,NULL),('392',NULL,NULL,NULL,NULL,0,0,'1M/1M',0,0,'ogwambo',NULL,NULL,NULL),('393',NULL,NULL,NULL,NULL,0,0,'1M/1M',0,0,'Joket',NULL,NULL,NULL),('394',NULL,NULL,NULL,NULL,0,0,'1M/1M',0,0,'sadam01',NULL,NULL,NULL),('395',NULL,NULL,NULL,NULL,0,0,'1M/1M',0,0,'marcosrojo',NULL,NULL,NULL),('396',NULL,NULL,NULL,NULL,0,0,'1M/1M',0,0,'kofiolomide',NULL,NULL,NULL),('397',NULL,NULL,NULL,NULL,0,0,'1M/1M',0,0,'marcosroho',NULL,NULL,NULL),('398',NULL,NULL,NULL,NULL,0,0,'1M/1M',0,0,'autosat',NULL,NULL,NULL),('399',NULL,NULL,NULL,NULL,0,0,'1M/1M',0,0,'Crazyguy',NULL,NULL,NULL),('400',NULL,NULL,NULL,NULL,0,0,'1M/1M',0,0,'Rayotieno',NULL,NULL,NULL),('401',NULL,NULL,NULL,NULL,0,0,'1M/1M',0,0,'crm600',NULL,NULL,NULL),('402',NULL,NULL,NULL,NULL,0,0,'1M/1M',0,0,'CrazyDJ',NULL,NULL,NULL),('403',NULL,NULL,NULL,NULL,0,0,'1M/1M',0,0,'poatraining',NULL,NULL,NULL),('404',NULL,NULL,NULL,NULL,0,0,'1M/1M',0,0,'Oremorem',NULL,NULL,NULL),('405',NULL,NULL,NULL,NULL,0,0,'1M/1M',0,0,'manu231',NULL,NULL,NULL),('406',NULL,NULL,NULL,NULL,0,0,'1M/1M',0,0,'Askofu',NULL,NULL,NULL),('407',NULL,NULL,NULL,NULL,0,0,'1M/1M',0,0,'crazytech',NULL,NULL,NULL),('408',NULL,NULL,NULL,NULL,0,0,'1M/1M',0,0,'Shugaqueen',NULL,NULL,NULL),('409',NULL,NULL,NULL,NULL,0,0,'1M/1M',0,0,'hosea',NULL,NULL,NULL),('410',NULL,NULL,NULL,NULL,0,0,'1M/1M',0,0,'cmb600',NULL,NULL,NULL),('411',NULL,NULL,NULL,NULL,0,0,'1M/1M',0,0,'simpleg',NULL,NULL,NULL),('412',NULL,NULL,NULL,NULL,0,0,'1M/1M',0,0,'Djkoeman',NULL,NULL,NULL),('413',NULL,NULL,NULL,NULL,0,0,'1M/1M',0,0,'Eto0007',NULL,NULL,NULL),('414',NULL,NULL,NULL,NULL,0,0,'1M/1M',0,0,'doubleo',NULL,NULL,NULL),('415',NULL,NULL,NULL,NULL,0,0,'1M/1M',0,0,'0722111222',NULL,NULL,NULL),('416',NULL,NULL,NULL,NULL,0,0,'1M/1M',0,0,'0723445662',NULL,NULL,NULL),('417',NULL,NULL,NULL,NULL,0,0,'1M/1M',0,0,'manu45',NULL,NULL,NULL),('418',NULL,NULL,NULL,NULL,0,0,'1M/1M',0,0,'Djboss',NULL,NULL,NULL),('419',NULL,NULL,NULL,NULL,0,0,'1M/1M',0,0,'Bobcolimore',NULL,NULL,NULL),('420',NULL,NULL,NULL,NULL,0,0,'1M/1M',0,0,'maahthoithi',NULL,NULL,NULL),('421',NULL,NULL,NULL,NULL,0,0,'1M/1M',0,0,'TripleD',NULL,NULL,NULL),('422',NULL,NULL,NULL,NULL,0,0,'1M/1M',0,0,'Sururunajembe',NULL,NULL,NULL),('423',NULL,NULL,NULL,NULL,0,0,'1M/1M',0,0,'fehjjej',NULL,NULL,NULL),('424',NULL,NULL,NULL,NULL,0,0,'1M/1M',0,0,'Dj1234',NULL,NULL,NULL),('425',NULL,NULL,NULL,NULL,0,0,'1M/1M',0,0,'Kevootis',NULL,NULL,NULL),('426',NULL,NULL,NULL,NULL,0,0,'1M/1M',0,0,'zyz234',NULL,NULL,NULL),('427',NULL,NULL,NULL,NULL,0,0,'1M/1M',0,0,'weswizzy',NULL,NULL,NULL),('428',NULL,NULL,NULL,NULL,0,0,'1M/1M',0,0,'dgthjyu',NULL,NULL,NULL),('429',NULL,NULL,NULL,NULL,0,0,'1M/1M',0,0,'Mvuzidj2',NULL,NULL,NULL),('430',NULL,NULL,NULL,NULL,0,0,'1M/1M',0,0,'Tuntty',NULL,NULL,NULL),('431',NULL,NULL,NULL,NULL,0,0,'1M/1M',0,0,'0780123456',NULL,NULL,NULL),('432',NULL,NULL,NULL,NULL,0,0,'1M/1M',0,0,'Kimtin',NULL,NULL,NULL),('433',NULL,NULL,NULL,NULL,0,0,'1M/1M',0,0,'theprince',NULL,NULL,NULL),('434',NULL,NULL,NULL,NULL,0,0,'1M/1M',0,0,'abc600',NULL,NULL,NULL),('435',NULL,NULL,NULL,NULL,0,0,'1M/1M',0,0,'def600',NULL,NULL,NULL),('444',NULL,NULL,NULL,NULL,0,0,'1M/1M',0,209715200,'simonkanyiri','449381',NULL,NULL),('446',NULL,NULL,NULL,NULL,0,0,'1M/1M',0,0,'STUtest',NULL,NULL,NULL),('447',NULL,NULL,NULL,NULL,0,0,'1M/1M',0,0,'Viva23',NULL,NULL,NULL),('448',NULL,NULL,NULL,NULL,0,0,'1M/1M',0,0,'eliakim',NULL,NULL,NULL),('457',NULL,NULL,NULL,NULL,0,0,'1M/1M',0,0,'test.user11',NULL,NULL,NULL),('458',NULL,NULL,NULL,NULL,0,0,'1M/1M',0,0,'test.user11',NULL,NULL,NULL),('459',NULL,NULL,NULL,NULL,0,0,'1M/1M',0,0,'test.user11',NULL,NULL,NULL),('460',NULL,NULL,NULL,NULL,0,0,'1M/1M',0,52428800,'test.user11','642593',NULL,NULL),('461',NULL,NULL,NULL,NULL,0,0,'1M/1M',0,0,'andy.test1',NULL,NULL,NULL),('462',NULL,NULL,NULL,NULL,0,0,'1M/1M',0,0,'andy.test2','366757',NULL,NULL),('463',NULL,NULL,NULL,NULL,0,0,'1M/1M',0,0,'cmrabc',NULL,NULL,NULL),('464',NULL,NULL,NULL,NULL,0,0,'1M/1M',0,0,'test.user12',NULL,NULL,NULL),('465',NULL,NULL,NULL,NULL,0,0,'1M/1M',0,0,'andy.test3',NULL,NULL,NULL),('466',NULL,NULL,NULL,NULL,0,0,'1M/1M',0,0,'test.user14',NULL,NULL,NULL),('467',NULL,NULL,NULL,NULL,0,0,'1M/1M',0,0,'test.user15',NULL,NULL,NULL),('468',NULL,NULL,NULL,NULL,0,0,'1M/1M',0,0,'andy.test4',NULL,NULL,NULL),('469',NULL,NULL,NULL,NULL,0,0,'1M/1M',0,0,'andy.test5',NULL,NULL,NULL),('470',NULL,NULL,NULL,NULL,0,0,'1M/1M',0,0,'test.user16',NULL,NULL,NULL),('471',NULL,NULL,NULL,NULL,0,0,'1M/1M',0,0,'andy.test6',NULL,NULL,NULL),('472',NULL,NULL,NULL,NULL,0,0,'1M/1M',0,0,'andy.test7',NULL,NULL,NULL),('473',NULL,NULL,NULL,NULL,0,0,'1M/1M',0,0,'andy.test8',NULL,NULL,NULL),('474',NULL,NULL,NULL,NULL,0,0,'1M/1M',0,0,'andy.test9',NULL,NULL,NULL),('475',NULL,NULL,NULL,NULL,0,0,'1M/1M',0,0,'andy.test10',NULL,NULL,NULL),('476',NULL,NULL,NULL,NULL,0,0,'1M/1M',0,0,'andy.test11',NULL,NULL,NULL),('477',NULL,NULL,NULL,NULL,0,0,'1M/1M',0,0,'andy.test12',NULL,NULL,NULL),('478',NULL,NULL,NULL,NULL,0,0,'1M/1M',0,0,'andy.test13',NULL,NULL,NULL),('479',NULL,NULL,NULL,NULL,0,0,'1M/1M',0,0,'andy.test14',NULL,NULL,NULL),('480',NULL,NULL,NULL,NULL,0,0,'1M/1M',0,0,'andy.test15',NULL,NULL,NULL),('481',NULL,NULL,NULL,NULL,0,0,'1M/1M',0,0,'test.user17',NULL,NULL,NULL),('484',NULL,NULL,NULL,NULL,0,0,'1M/1M',0,0,'andy.test16',NULL,NULL,NULL),('485',NULL,NULL,NULL,NULL,0,0,'1M/1M',0,0,'test.fixed',NULL,NULL,NULL),('486',NULL,NULL,NULL,NULL,0,0,'1M/1M',0,0,'andy.test17',NULL,NULL,NULL),('487',NULL,NULL,NULL,NULL,0,0,'1M/1M',0,0,'test.fixed2',NULL,NULL,NULL),('488',NULL,NULL,NULL,NULL,0,0,'1M/1M',0,0,'test.111333',NULL,NULL,NULL),('495',NULL,NULL,NULL,NULL,0,0,'1M/1M',0,0,'mike.test15',NULL,NULL,NULL),('496',NULL,NULL,NULL,NULL,0,0,'1M/1M',0,0,'andy.test22',NULL,NULL,NULL),('497',NULL,NULL,NULL,NULL,0,0,'1M/1M',0,0,'andy.test23',NULL,NULL,NULL),('498',NULL,NULL,NULL,NULL,0,0,'1M/1M',0,0,'andy.test24',NULL,NULL,NULL),('499',NULL,NULL,NULL,NULL,0,0,'1M/1M',0,0,'mickey.mouse',NULL,NULL,NULL),('500',NULL,NULL,NULL,NULL,0,0,'1M/1M',0,0,'donald.duck',NULL,NULL,NULL),('501',NULL,NULL,NULL,NULL,0,0,'1M/1M',0,0,'taz.mania',NULL,NULL,NULL),('502',NULL,NULL,NULL,NULL,0,0,'1M/1M',0,0,'Mari1234',NULL,NULL,NULL),('503',NULL,NULL,NULL,NULL,0,0,'1M/1M',0,0,'kenyaone',NULL,NULL,NULL),('504',NULL,NULL,NULL,NULL,0,0,'1M/1M',0,0,'practise1',NULL,NULL,NULL),('505',NULL,NULL,NULL,NULL,0,0,'1M/1M',0,0,'ericktraining',NULL,NULL,NULL),('506',NULL,NULL,NULL,NULL,0,0,'1M/1M',0,0,'user03',NULL,NULL,NULL),('507',NULL,NULL,NULL,NULL,0,0,'1M/1M',0,0,'tracyluniz',NULL,NULL,NULL),('508',NULL,NULL,NULL,NULL,0,0,'1M/1M',0,0,'Mouthpeace',NULL,NULL,NULL),('509',NULL,NULL,NULL,NULL,0,0,'1M/1M',0,0,'asena',NULL,NULL,NULL),('510',NULL,NULL,NULL,NULL,0,0,'1M/1M',0,0,'etoengineer',NULL,NULL,NULL),('511',NULL,NULL,NULL,NULL,0,0,'1M/1M',0,0,'keits',NULL,NULL,NULL),('512',NULL,NULL,NULL,NULL,0,0,'1M/1M',0,0,'taz.mania2',NULL,NULL,NULL),('513',NULL,NULL,NULL,NULL,0,0,'1M/1M',0,0,'hudson',NULL,NULL,NULL),('514',NULL,NULL,NULL,NULL,0,0,'1M/1M',0,0,'practice2',NULL,NULL,NULL),('515',NULL,NULL,NULL,NULL,0,0,'1M/1M',0,0,'mouthpeace.poet',NULL,NULL,NULL),('517',NULL,NULL,NULL,NULL,0,0,'1M/1M',0,0,'kibera',NULL,NULL,NULL),('518',NULL,NULL,NULL,NULL,0,0,'1M/1M',0,0,'krolivia',NULL,NULL,NULL),('519',NULL,NULL,NULL,NULL,0,0,'1M/1M',0,0,'Kim24',NULL,NULL,NULL),('520',NULL,NULL,NULL,NULL,0,0,'1M/1M',0,0,'babatif',NULL,NULL,NULL),('521',NULL,NULL,NULL,NULL,0,0,'1M/1M',0,0,'calebdjson',NULL,NULL,NULL),('522',NULL,NULL,NULL,NULL,0,0,'1M/1M',0,0,'OliviaKR',NULL,NULL,NULL),('523',NULL,NULL,NULL,NULL,0,0,'1M/1M',0,0,'mkenyaones',NULL,NULL,NULL),('524',NULL,NULL,NULL,NULL,0,0,'1M/1M',0,0,'natasha',NULL,NULL,NULL),('525',NULL,NULL,NULL,NULL,0,0,'1M/1M',0,0,'Teddy',NULL,NULL,NULL),('526',NULL,NULL,NULL,NULL,0,0,'1M/1M',0,0,'Stixx',NULL,NULL,NULL),('527',NULL,NULL,NULL,NULL,0,0,'1M/1M',0,0,'maxwell.',NULL,NULL,NULL),('528',NULL,NULL,NULL,NULL,0,0,'1M/1M',0,0,'okumu7',NULL,NULL,NULL),('529',NULL,NULL,NULL,NULL,0,0,'1M/1M',0,0,'team5',NULL,NULL,NULL),('530',NULL,NULL,NULL,NULL,0,0,'1M/1M',0,0,'danold',NULL,NULL,NULL),('531',NULL,NULL,NULL,NULL,0,0,'1M/1M',0,0,'gottad9',NULL,NULL,NULL),('532',NULL,NULL,NULL,NULL,0,0,'1M/1M',0,0,'practise3',NULL,NULL,NULL),('533',NULL,NULL,NULL,NULL,0,0,'1M/1M',0,0,'rick.Morty',NULL,NULL,NULL),('534',NULL,NULL,NULL,NULL,0,0,'1M/1M',0,0,'hoseaboyboy',NULL,NULL,NULL),('535',NULL,NULL,NULL,NULL,0,0,'1M/1M',0,0,'Jerry',NULL,NULL,NULL),('536',NULL,NULL,NULL,NULL,0,0,'1M/1M',0,0,'hoseaboyboy1',NULL,NULL,NULL),('537',NULL,NULL,NULL,NULL,0,0,'1M/1M',0,0,'daniel',NULL,NULL,NULL),('538',NULL,NULL,NULL,NULL,0,0,'1M/1M',0,0,'maxwell',NULL,NULL,NULL),('539',NULL,NULL,NULL,NULL,0,0,'1M/1M',0,0,'garly',NULL,NULL,NULL),('540',NULL,NULL,NULL,NULL,0,0,'1M/1M',0,0,'tracy1234',NULL,NULL,NULL),('541',NULL,NULL,NULL,NULL,0,0,'1M/1M',0,0,'hadson',NULL,NULL,NULL),('542',NULL,NULL,NULL,NULL,0,0,'1M/1M',0,0,'test.user18',NULL,NULL,NULL),('543',NULL,NULL,NULL,NULL,0,0,'1M/1M',0,0,'test.user19',NULL,NULL,NULL),('544',NULL,NULL,NULL,NULL,0,0,'1M/1M',0,0,'trainingemma',NULL,NULL,NULL),('546',NULL,NULL,NULL,NULL,0,0,'1M/1M',0,0,'trainingstuff',NULL,NULL,NULL),('547',NULL,NULL,NULL,NULL,0,0,'1M/1M',0,0,'test.user20',NULL,NULL,NULL),('548',NULL,NULL,NULL,NULL,0,0,'1M/1M',0,0,'andy.test25',NULL,NULL,NULL),('549',NULL,NULL,NULL,NULL,0,0,'1M/1M',0,0,'andy.test26',NULL,NULL,NULL),('550',NULL,NULL,NULL,NULL,0,0,'1M/1M',0,0,'andy.test27',NULL,NULL,NULL),('551',NULL,NULL,NULL,NULL,0,0,'1M/1M',0,0,'test.user21',NULL,NULL,NULL),('552',NULL,NULL,NULL,NULL,0,0,'1M/1M',0,0,'test.user22',NULL,NULL,NULL),('553',NULL,NULL,NULL,NULL,0,0,'1M/1M',0,0,'training21',NULL,NULL,NULL),('554',NULL,NULL,NULL,NULL,0,0,'1M/1M',0,0,'training22',NULL,NULL,NULL),('555',NULL,NULL,NULL,NULL,0,0,'1M/1M',0,0,'training23',NULL,NULL,NULL),('556',NULL,NULL,NULL,NULL,0,0,'1M/1M',0,0,'training24',NULL,NULL,NULL),('557',NULL,NULL,NULL,NULL,0,0,'1M/1M',0,0,'training25',NULL,NULL,NULL),('558',NULL,NULL,NULL,NULL,0,0,'1M/1M',0,0,'training26',NULL,NULL,NULL),('559',NULL,NULL,NULL,NULL,0,0,'1M/1M',0,0,'training27',NULL,NULL,NULL),('560',NULL,NULL,NULL,NULL,0,0,'1M/1M',0,0,'training28',NULL,NULL,NULL),('561',NULL,NULL,NULL,NULL,0,0,'1M/1M',0,0,'training29',NULL,NULL,NULL),('562',NULL,NULL,NULL,NULL,0,0,'1M/1M',0,0,'training30',NULL,NULL,NULL),('563',NULL,NULL,NULL,NULL,0,0,'1M/1M',0,0,'Isanda',NULL,NULL,NULL),('564',NULL,NULL,NULL,NULL,0,0,'1M/1M',0,0,'harley',NULL,NULL,NULL),('565',NULL,NULL,NULL,NULL,0,0,'1M/1M',0,0,'dante',NULL,NULL,NULL),('566',NULL,NULL,NULL,NULL,0,0,'1M/1M',0,0,'slique',NULL,NULL,NULL),('567',NULL,NULL,NULL,NULL,0,0,'1M/1M',0,0,'Kerubo',NULL,NULL,NULL),('568',NULL,NULL,NULL,NULL,0,0,'1M/1M',0,0,'sizzler',NULL,NULL,NULL),('569',NULL,NULL,NULL,NULL,0,0,'1M/1M',0,0,'clarity2',NULL,NULL,NULL),('570',NULL,NULL,NULL,NULL,0,0,'1M/1M',0,0,'adriel',NULL,NULL,NULL),('571',NULL,NULL,NULL,NULL,0,0,'1M/1M',0,0,'Laiulehaa',NULL,NULL,NULL),('572',NULL,NULL,NULL,NULL,0,0,'1M/1M',0,0,'jojojacky',NULL,NULL,NULL),('573',NULL,NULL,NULL,NULL,0,0,'1M/1M',0,0,'annie',NULL,NULL,NULL),('574',NULL,NULL,NULL,NULL,0,0,'1M/1M',0,0,'nickson',NULL,NULL,NULL),('575',NULL,NULL,NULL,NULL,0,0,'1M/1M',0,0,'Trenis',NULL,NULL,NULL),('576',NULL,NULL,NULL,NULL,0,0,'1M/1M',0,0,'drewkimani',NULL,NULL,NULL),('577',NULL,NULL,NULL,NULL,0,0,'1M/1M',0,0,'starboy',NULL,NULL,NULL),('578',NULL,NULL,NULL,NULL,0,0,'1M/1M',0,0,'begi254',NULL,NULL,NULL),('579',NULL,NULL,NULL,NULL,0,0,'1M/1M',0,0,'poaInternet',NULL,NULL,NULL),('580',NULL,NULL,NULL,NULL,0,0,'1M/1M',0,0,'RyanMwangi',NULL,NULL,NULL),('581',NULL,NULL,NULL,NULL,0,0,'1M/1M',0,0,'Danielananga',NULL,NULL,NULL),('582',NULL,NULL,NULL,NULL,0,0,'1M/1M',0,0,'SydneyAganda',NULL,NULL,NULL),('583',NULL,NULL,NULL,NULL,0,0,'1M/1M',0,0,'coloture',NULL,NULL,NULL),('584',NULL,NULL,NULL,NULL,0,0,'1M/1M',0,0,'smart',NULL,NULL,NULL),('585',NULL,NULL,NULL,NULL,0,0,'1M/1M',0,0,'toanrdjert',NULL,NULL,NULL),('586',NULL,NULL,NULL,NULL,0,0,'1M/1M',0,0,'davisngugi',NULL,NULL,NULL),('587',NULL,NULL,NULL,NULL,0,0,'1M/1M',0,0,'amosslique',NULL,NULL,NULL),('588',NULL,NULL,NULL,NULL,0,0,'1M/1M',0,0,'kamau',NULL,NULL,NULL),('589',NULL,NULL,NULL,NULL,0,0,'1M/1M',0,0,'foxyann',NULL,NULL,NULL),('590',NULL,NULL,NULL,NULL,0,0,'1M/1M',0,0,'moraa',NULL,NULL,NULL),('591',NULL,NULL,NULL,NULL,0,0,'1M/1M',0,0,'annemwaura',NULL,NULL,NULL),('592',NULL,NULL,NULL,NULL,0,0,'1M/1M',0,0,'ianonduso',NULL,NULL,NULL),('593',NULL,NULL,NULL,NULL,0,0,'1M/1M',0,0,'alvin',NULL,NULL,NULL),('594',NULL,NULL,NULL,NULL,0,0,'1M/1M',0,0,'denis',NULL,NULL,NULL),('595',NULL,NULL,NULL,NULL,0,0,'1M/1M',0,0,'obiri',NULL,NULL,NULL),('596',NULL,NULL,NULL,NULL,0,0,'1M/1M',0,0,'Cecil',NULL,NULL,NULL),('597',NULL,NULL,NULL,NULL,0,0,'1M/1M',0,0,'jamesngugi',NULL,NULL,NULL),('598',NULL,NULL,NULL,NULL,0,0,'1M/1M',0,0,'adrian',NULL,NULL,NULL),('599',NULL,NULL,NULL,NULL,0,0,'1M/1M',0,0,'kelvin',NULL,NULL,NULL),('600',NULL,NULL,NULL,NULL,0,0,'1M/1M',0,0,'clarity4',NULL,NULL,NULL),('601',NULL,NULL,NULL,NULL,0,0,'1M/1M',0,0,'mwauraanne',NULL,NULL,NULL),('602',NULL,NULL,NULL,NULL,0,0,'1M/1M',0,0,'Favray',NULL,NULL,NULL),('603',NULL,NULL,NULL,NULL,0,0,'1M/1M',0,0,'Bochaberi',NULL,NULL,NULL),('604',NULL,NULL,NULL,NULL,0,0,'1M/1M',0,0,'Omondi',NULL,NULL,NULL),('605',NULL,NULL,NULL,NULL,0,0,'1M/1M',0,0,'Laiuleha',NULL,NULL,NULL),('606',NULL,NULL,NULL,NULL,0,0,'1M/1M',0,0,'jamesmulla',NULL,NULL,NULL),('607',NULL,NULL,NULL,NULL,0,0,'1M/1M',0,0,'filder',NULL,NULL,NULL),('608',NULL,NULL,NULL,NULL,0,0,'1M/1M',0,0,'Sydney',NULL,NULL,NULL),('609',NULL,NULL,NULL,NULL,0,0,'1M/1M',0,0,'brager',NULL,NULL,NULL),('610',NULL,NULL,NULL,NULL,0,0,'1M/1M',0,0,'sizzla',NULL,NULL,NULL),('611',NULL,NULL,NULL,NULL,0,0,'1M/1M',0,0,'annita',NULL,NULL,NULL),('612',NULL,NULL,NULL,NULL,0,0,'1M/1M',0,0,'ianobruce',NULL,NULL,NULL),('613',NULL,NULL,NULL,NULL,0,0,'1M/1M',0,0,'wambui',NULL,NULL,NULL),('614',NULL,NULL,NULL,NULL,0,0,'1M/1M',0,0,'Kushtracey',NULL,NULL,NULL),('615',NULL,NULL,NULL,NULL,0,0,'1M/1M',0,0,'Bonniendungu',NULL,NULL,NULL),('616',NULL,NULL,NULL,NULL,0,0,'1M/1M',0,0,'iannondu',NULL,NULL,NULL),('617',NULL,NULL,NULL,NULL,0,0,'1M/1M',0,0,'CObara',NULL,NULL,NULL),('618',NULL,NULL,NULL,NULL,0,0,'1M/1M',0,0,'Robnew',NULL,NULL,NULL),('619',NULL,NULL,NULL,NULL,0,0,'1M/1M',0,0,'trainingstuff2',NULL,NULL,NULL),('620',NULL,NULL,NULL,NULL,0,0,'1M/1M',0,0,'M.Mujema',NULL,NULL,NULL),('621',NULL,NULL,NULL,NULL,0,0,'1M/1M',0,0,'chrisscros',NULL,NULL,NULL),('622',NULL,NULL,NULL,NULL,0,0,'1M/1M',0,0,'adhiambo22',NULL,NULL,NULL),('623',NULL,NULL,NULL,NULL,0,0,'1M/1M',0,0,'ajiambo',NULL,NULL,NULL),('624',NULL,NULL,NULL,NULL,0,0,'1M/1M',0,0,'fidelodinga',NULL,NULL,NULL),('625',NULL,NULL,NULL,NULL,0,0,'1M/1M',0,0,'kenonyango',NULL,NULL,NULL),('626',NULL,NULL,NULL,NULL,0,0,'1M/1M',0,0,'mosesoluoch',NULL,NULL,NULL),('627',NULL,NULL,NULL,NULL,0,0,'1M/1M',0,0,'jamesauma',NULL,NULL,NULL),('628',NULL,NULL,NULL,NULL,0,0,'1M/1M',0,0,'Tonissa',NULL,NULL,NULL),('629',NULL,NULL,NULL,NULL,0,0,'1M/1M',0,0,'Testuser1',NULL,NULL,NULL),('631',NULL,NULL,NULL,NULL,0,0,'3M/3M',0,0,'host.00006',NULL,NULL,NULL),('632',NULL,NULL,NULL,NULL,0,0,'3M/3M',0,0,'host.00007',NULL,NULL,NULL),('633',NULL,NULL,NULL,NULL,0,0,'3M/3M',0,0,'host.00008',NULL,NULL,NULL),('634',NULL,NULL,NULL,NULL,0,0,'3M/3M',0,0,'host.00009',NULL,NULL,NULL),('635',NULL,NULL,NULL,NULL,0,0,'3M/3M',0,0,'host.00010',NULL,NULL,NULL),('636',NULL,NULL,NULL,NULL,0,0,'1M/1M',0,0,'bryson',NULL,NULL,NULL),('637',NULL,NULL,NULL,NULL,0,0,'3M/3M',0,0,'host.00011',NULL,NULL,NULL),('638',NULL,NULL,NULL,NULL,0,0,'3M/3M',0,0,'host.00012',NULL,NULL,NULL),('639',NULL,NULL,NULL,NULL,0,0,'1M/1M',0,0,'GeekPen',NULL,NULL,NULL),('640',NULL,NULL,NULL,NULL,0,0,'1M/1M',0,0,'Tantasha',NULL,NULL,NULL),('641',NULL,NULL,NULL,NULL,0,0,'1M/1M',0,0,'trainingmueni',NULL,NULL,NULL),('642',NULL,NULL,NULL,NULL,0,0,'1M/1M',0,0,'trainingdennis',NULL,NULL,NULL),('643',NULL,NULL,NULL,NULL,0,0,'1M/1M',0,0,'eunice',NULL,NULL,NULL),('644',NULL,NULL,NULL,NULL,0,0,'1M/1M',0,0,'lilian',NULL,NULL,NULL),('645',NULL,NULL,NULL,NULL,0,0,'1M/1M',0,0,'trainingeddy',NULL,NULL,NULL),('646',NULL,NULL,NULL,NULL,0,0,'1M/1M',0,0,'traininglilian',NULL,NULL,NULL),('647',NULL,NULL,NULL,NULL,0,0,'1M/1M',0,0,'maureen',NULL,NULL,NULL),('648',NULL,NULL,NULL,NULL,0,0,'1M/1M',0,0,'corel',NULL,NULL,NULL),('649',NULL,NULL,NULL,NULL,0,0,'1M/1M',0,0,'briton.mutenyo',NULL,NULL,NULL),('650',NULL,NULL,NULL,NULL,0,0,'1M/1M',0,0,'STArLET',NULL,NULL,NULL),('651',NULL,NULL,NULL,NULL,0,0,'1M/1M',0,0,'wistoneyohana',NULL,NULL,NULL),('652',NULL,NULL,NULL,NULL,0,0,'1M/1M',0,0,'javantraining',NULL,NULL,NULL),('653',NULL,NULL,NULL,NULL,0,0,'1M/1M',0,0,'Javantraining2',NULL,NULL,NULL),('654',NULL,NULL,NULL,NULL,0,0,'1M/1M',0,0,'wanguinjoroge',NULL,NULL,NULL),('659',NULL,NULL,NULL,NULL,0,0,'1M/1M',0,0,'singa',NULL,NULL,NULL),('660',NULL,NULL,NULL,NULL,0,0,'1M/1M',0,0,'laura',NULL,NULL,NULL),('661',NULL,NULL,NULL,NULL,0,0,'1M/1M',0,0,'chan007',NULL,NULL,NULL),('662',NULL,NULL,NULL,NULL,0,0,'1M/1M',0,0,'samuel',NULL,NULL,NULL),('663',NULL,NULL,NULL,NULL,0,0,'1M/1M',0,0,'winniegrace',NULL,NULL,NULL),('664',NULL,NULL,NULL,NULL,0,0,'1M/1M',0,0,'wanja',NULL,NULL,NULL),('665',NULL,NULL,NULL,NULL,0,0,'1M/1M',0,0,'starfordgwala',NULL,NULL,NULL),('666',NULL,NULL,NULL,NULL,0,0,'1M/1M',0,0,'trainingstuff5',NULL,NULL,NULL),('668',NULL,NULL,NULL,NULL,0,0,'1M/1M',0,0,'Shadrach',NULL,NULL,NULL),('671',NULL,NULL,NULL,NULL,0,0,'1M/1M',0,0,'mouricesunde',NULL,NULL,NULL),('672',NULL,NULL,NULL,NULL,0,0,'1M/1M',0,0,'james.oduki',NULL,NULL,NULL),('676',NULL,NULL,NULL,NULL,0,0,'1M/1M',0,0,'test.user30',NULL,NULL,NULL),('677',NULL,NULL,NULL,NULL,0,0,'3M/3M',0,0,'host.00013',NULL,NULL,NULL),('678',NULL,NULL,NULL,NULL,0,0,'1M/1M',0,0,'test.user31',NULL,NULL,NULL),('679',NULL,NULL,NULL,NULL,0,0,'1M/1M',0,0,'test.user32',NULL,NULL,NULL),('686',NULL,NULL,NULL,NULL,0,0,'1M/1M',0,0,'test.user33',NULL,NULL,NULL),('687',NULL,NULL,NULL,NULL,0,0,'1M/1M',0,0,'test.user34',NULL,NULL,NULL),('688',NULL,NULL,NULL,NULL,0,0,'1M/1M',0,0,'collins.pamba',NULL,NULL,NULL),('689',NULL,NULL,NULL,NULL,0,0,'1M/1M',0,0,'test.user35',NULL,NULL,NULL),('690',NULL,NULL,NULL,NULL,0,0,'1M/1M',0,0,'trainingcrmversion2',NULL,NULL,NULL),('691',NULL,NULL,NULL,NULL,0,0,'1M/1M',0,0,'crmtestv2',NULL,NULL,NULL),('692',NULL,NULL,NULL,NULL,0,0,'1M/1M',0,0,'wadsfdfcs',NULL,NULL,NULL),('693',NULL,NULL,NULL,NULL,0,0,'1M/1M',0,0,'magic',NULL,NULL,NULL),('694',NULL,NULL,NULL,NULL,0,0,'1M/1M',0,0,'givan.milimu',NULL,NULL,NULL),('702',NULL,NULL,NULL,NULL,0,0,'1M/1M',0,0,'Miriam.Maina',NULL,NULL,NULL),('703',NULL,NULL,NULL,NULL,0,0,'1M/1M',0,0,'joseph.jumba',NULL,NULL,NULL),('708',NULL,NULL,NULL,NULL,0,0,'1M/1M',0,0,'steve.puchol',NULL,NULL,NULL),('709',NULL,NULL,NULL,NULL,0,0,'1M/1M',0,0,'steve.puchol2',NULL,NULL,NULL),('710',NULL,NULL,NULL,NULL,0,0,'1M/1M',0,0,'steve.jobs5',NULL,NULL,NULL),('711',NULL,NULL,NULL,NULL,0,0,'1M/1M',0,0,'steve.jobs6',NULL,NULL,NULL),('712',NULL,NULL,NULL,NULL,0,0,'1M/1M',0,0,'steve.puchol3',NULL,NULL,NULL),('714',NULL,NULL,NULL,NULL,0,0,'1M/1M',0,0,'steve.puchol3',NULL,NULL,NULL),('716',NULL,NULL,NULL,NULL,0,0,'1M/1M',0,0,'steve.puchol3',NULL,NULL,NULL),('717',NULL,NULL,NULL,NULL,0,0,'1M/1M',0,0,'steve.puchol3',NULL,NULL,NULL),('718',NULL,NULL,NULL,NULL,0,0,'1M/1M',0,0,'steve.puchol3',NULL,NULL,NULL),('719',NULL,NULL,NULL,NULL,0,0,'1M/1M',0,0,'ariba.olembo',NULL,NULL,NULL),('720',NULL,NULL,NULL,NULL,0,0,'1M/1M',0,0,'muthoni.mathenge',NULL,NULL,NULL),('721',NULL,NULL,NULL,NULL,0,0,'1M/1M',0,0,'muthoni.mathengz',NULL,NULL,NULL),('722',NULL,NULL,NULL,NULL,0,0,'1M/1M',0,0,'muthoni.mathenge',NULL,NULL,NULL),('723',NULL,NULL,NULL,NULL,0,0,'1M/1M',0,0,'Robinson.kainga',NULL,NULL,NULL),('724',NULL,NULL,NULL,NULL,0,0,'1M/1M',0,0,'Patrick.Gichuki',NULL,NULL,NULL),('725',NULL,NULL,NULL,NULL,0,0,'1M/1M',0,0,'Grace.nzive',NULL,NULL,NULL);
/*!40000 ALTER TABLE `SUBSCRIBERS` ENABLE KEYS */;
UNLOCK TABLES;
/*!40103 SET TIME_ZONE=@OLD_TIME_ZONE */;

/*!40101 SET SQL_MODE=@OLD_SQL_MODE */;
/*!40014 SET FOREIGN_KEY_CHECKS=@OLD_FOREIGN_KEY_CHECKS */;
/*!40014 SET UNIQUE_CHECKS=@OLD_UNIQUE_CHECKS */;
/*!40101 SET CHARACTER_SET_CLIENT=@OLD_CHARACTER_SET_CLIENT */;
/*!40101 SET CHARACTER_SET_RESULTS=@OLD_CHARACTER_SET_RESULTS */;
/*!40101 SET COLLATION_CONNECTION=@OLD_COLLATION_CONNECTION */;
/*!40111 SET SQL_NOTES=@OLD_SQL_NOTES */;

-- Dump completed on 2018-07-06 16:08:31
